"case_id","case_name","regime_unit","L_value","L_rationale","L_confidence","S_value","S_rationale","S_confidence","A_value","A_rationale","A_confidence","C_value","C_rationale","C_confidence","E_value","E_rationale","E_confidence","predicted_regime","predicted_regime_rationale","observed_regime","observed_regime_rationale","regime_match","match_type","exit_cost_mechanisms_json","argument_templates_active","text_role_assessment","text_role_rationale","non_textual_forces_json","competing_regime_present","competing_regime_notes","verification_status","evidence_quality","deep_dive_present","source_ids","scoring_decisions_json","open_questions_json"
"LR001","First Crusade","First Crusade mobilization apparatus, 1095–1099, Latin Christendom under Urban II's papal authorization (papacy + crusading nobility + Latin clergy).","3","Papal indulgence rhetoric publicly proclaimed; crusader vow visible via cross sewn on garment (the literal observable identity marker). External performance of vow-taking and embarkation was the diagnostic of moral standing in this salvation-economy. Not 4 because the rubric reserves that for continuous behavioral surveillance regimes (Taliban, CCP); the First Crusade verified compliance at discrete moments (vow, departure, return), not continuously.","medium","3","Vow-fulfillment treated as plenary indulgence — external compliance terminating moral evaluation in this specific salvation-economy. Confession + intent still required theologically (preventing 4) but in practice the act of crusading was widely understood to substitute for ordinary penance.","medium","3","Excommunication for vow-breaking documented; oath-enforcement infrastructure existed via canon law and ecclesiastical courts; but feudal-dispersed rather than monopolistic. Not 4 because no centralized inquisitorial procedure for vow violations existed in 1095–1099.","medium","3","Papacy commanded the mobilization but execution was feudal — through bishops, abbots, lords, military bands. Authoritative origin (Urban II Clermont) but plural implementation. Higher than 2 (federated) because papal authority was decisive, lower than 4 (monopolistic) because actual execution required feudal cooperation papacy could not compel.","medium","2","Vow obligation real and excommunication-backed, but exit means going home (vow unfulfilled, indulgence forfeited) rather than legal apostasy or community severance. Most who took the cross and didn't go faced spiritual but not material consequences. Significantly below the inquisition-era exit cost of 3.","medium","mixed","L=3, S=3, A=3, C=3, E=2: enforcement is viable (cross of σ × π × A activation threshold) but exit cost is modest. Predicts MIXED — vigorous activation with substantial heterogeneity in uptake, not durable capture of the population.","mixed","Vigorous enforcement-led mobilization 1095–1099 with substantial heterogeneity — Rhineland pogroms were unauthorized splinters, the Peasants' Crusade was disastrous, many took the cross but never embarked. The papal regime persisted but did not capture; the crusade ended and life resumed. Documented in Nitrogen at evidence_quality 4.","True","substantive","{""legal_compulsion"": 2, ""kinship_endogamy"": 0, ""economic_dependence"": 1, ""language_non_portability"": 0, ""child_custody"": 0, ""geographic_isolation"": 0}","T3_expansion_mandate;T5_sacred_enforcement","authorizing","Per Nitrogen: papal indulgence rhetoric supplied institutional authority for crusader vows; without papal preaching the mobilization scaffold dissolves. Distinct from later civilizing-mission rhetoric where text legitimated rather than authorized.","{""state_power"": 2, ""land"": 2, ""class_control"": 1, ""political_legitimacy"": 3, ""empire"": 2, ""resource_capture"": 2, ""ethnic_conflict"": 1, ""patriarchy"": 0}","False","","documented","4","True","SRC_LR001_URBAN_SPEECH;SRC_LR001_CRUSADER_PRIVILEGE;SRC_LR001_RHINELAND;SRC_LR001_BRITANNICA_FIRST;SRC_LR001_BRITANNICA_CLERMONT","[""Scoping: First Crusade is a 4-year mobilization episode, while the ABM models 500-step steady-state dynamics. Scored the underlying papal authorization apparatus during the crusade window rather than the crusade-as-event. The longer crusading era (1095\u20131291) might fit ABM steady-state better but the Nitrogen evidence trail is keyed to 1095\u20131099 specifically."", ""Confirmation-bias audit: Predicted MIXED, observed MIXED. Did not tilt up to CAPTURE despite vigorous enforcement because the regime lacked durable monopoly \u2014 Latin Christianity was multi-jurisdictional (papacy + crowns + bishops + abbeys + military orders); the First Crusade was a unified moment in a chronically polycentric system. Did not tilt down to QUIET despite the brevity of the crusade because activation was unambiguously high during the window.""]","[""Should regime_unit be the longer crusading-era 1095\u20131291 papal apparatus (better ABM steady-state fit) instead of First Crusade specifically (better evidence-trail fit)? This is the regime-vs-event axis flagged in dry-run \u00a7insight 2.""]"
"LR002","Albigensian Crusade","Albigensian crusade and Cathar suppression, 1209–1229, Languedoc, Innocent III through Louis IX, including the subsequent Languedoc Inquisition through ~1300.","3","Crusade preaching rhetoric publicly visible; Cathar identification through community knowledge and confession; later Languedoc Inquisition (Bernard Gui) developed identifiable creedal markers and procedures. Not 4 because Catharism was internally varied and identification still depended substantially on accusation.","medium","3","Public Catholic conformity treated as sufficient; suspicion of Cathar belief required external markers (refused oaths, specific behaviors). Not 4 because tribunal procedure still required confession of belief.","medium","3","Military execution (1209–1229) plus the Languedoc Inquisition's procedural infrastructure (oaths, depositions, abjuration, relapse) — established institutional sanction processes. Not 4 because enforcement was geographically bounded (Languedoc) rather than empire-wide systematic.","medium","3","Papal-French crown joint authority. Innocent III commissioned the crusade; Louis IX consolidated political control. Inquisition under papal commission with crown enforcement. Not 4 because contested between papal, royal, episcopal authorities.","medium","3","Surrender or be killed in the crusade phase (Béziers 1209, Carcassonne, Montségur 1244). Inquisition-era penalties: imprisonment, confiscation, handover to secular arm. Significant family and property severance. Not 4 because exit through public abjuration was available and used.","medium","mixed","L=3, S=3, A=3, C=3, E=3. Active enforcement, concentrated. Predicts MIXED. CAPTURE prediction would require near-zero exit and high prevalence (≥0.90) which the Cathar elimination locally achieved but not at population scale.","mixed","Cathar movement was eliminated by ~1300 — locally CAPTURE in the sense of rival-regime erasure. But the broader Christian regime in Languedoc continued operating as elsewhere, with high enforcement on heresy and normal church life otherwise. The historical observation is MIXED with successful target-elimination.","True","substantive","{""legal_compulsion"": 3, ""kinship_endogamy"": 0, ""economic_dependence"": 2, ""language_non_portability"": 0, ""child_custody"": 0, ""geographic_isolation"": 1}","T4_purification;T5_sacred_enforcement","authorizing","Per Nitrogen: papal-legate authorization for transferring crusade privilege into an internal anti-heretical war; canonical language directly used to legitimize military execution. Distinguished from LR006 'legitimating' because text supplied authority rather than ornament.","{""state_power"": 3, ""land"": 2, ""class_control"": 2, ""political_legitimacy"": 3, ""empire"": 1, ""resource_capture"": 2, ""ethnic_conflict"": 1, ""patriarchy"": 0}","False","Catharism is best understood as a target population, not a competing Christian regime drawing on overlapping canon. Cathars rejected the canonical Old Testament — different code, not counter-reading.","plausible","3","False","SRC_LR002_BRITANNICA_ALBIGENSIAN;SRC_LR002_BRIGHTON_INNOCENT;SRC_LR002_SOURCEBOOK_INDEX","[""Scoring window includes the post-crusade Languedoc Inquisition (1233+ under Gregory IX) because the crusade alone is too short for ABM steady-state and the inquisitorial follow-on is the institutional regime that produced durable Cathar elimination."", ""Confirmation-bias audit: Considered scoring CAPTURE (Cathars eliminated locally) but observed regime is the Christian regime in Languedoc, which was MIXED, not the Cathar regime which collapsed. Local elimination of a target population is not population-level capture in the ABM sense.""]","[""Nitrogen evidence quality is 3 (plausible). Stronger primary source attachment for specific massacres, sieges, and local power transfers would lift this to documented.""]"
"LR003","Spanish Inquisition","Spanish Inquisition tribunal system, 1478 (Sixtus IV bull *Exigit Sincerae Devotionis*) – 1834 (final abolition), crown-papal joint enforcement against conversos, Moriscos, alumbrados, Erasmians, and later Protestants.","3","Heretical practices identified through observable behaviors (Sabbath observance for converso suspects, dietary practices, reading habits). Verbal orthodoxy tested through public abjuration. Not 4 because the Inquisition required confession of belief, not just observable conduct, for full conviction. Matches S1 Text Counter-Reformation Inquisition anchor.","high","3","Public Catholic conformity (Mass attendance, confession, abjuration) treated as sufficient evidence of orthodoxy. Conversos who maintained outward Catholic practice were largely safe; suspicion required specific external indicators of Judaizing.","high","4","Comprehensive infraction taxonomy (heresy categories codified in inquisitorial manuals, e.g., Eymeric's *Directorium Inquisitorum*). Established procedures: secret denunciation, formal interrogation, torture, *auto da fé*. 350+ years of accumulated procedural knowledge. Mandatory sanctions. Dedicated enforcement infrastructure.","high","4","Monopolistic: the Suprema (Council of the Inquisition) under crown authority defined orthodoxy and controlled all sanctions across Spanish territory. Tribunals operated under unified procedure. Single appellate body.","high","3","Severe sanctions — imprisonment, confiscation, family ruin, sanbenito public humiliation, relapse-execution. Fugitives could flee to Italy or the Netherlands, but with full confiscation. Not 4 because legal-apostasy-on-leaving was rare for first-offenders; relapse triggered execution.","medium","capture","L=3, S=3, A=4, C=4, E=3 — matches S1 Text Counter-Reformation Inquisition anchor exactly, predicts CAPTURE. Joint extremity of A and C plus sustained enforcement reward (clerical promotion via inquisitorial service) drove the regime into capture.","capture","Sustained 350+ years of enforcement-dominant tribunal regime. Concentrated punishment in inquisitorial cadre. Self-reinforcing through accumulated case archives, informant networks, and procedural knowledge (Given 1997 on the medieval precursor; Kelly 1989 on jurisdictional consolidation).","True","substantive","{""legal_compulsion"": 4, ""kinship_endogamy"": 1, ""economic_dependence"": 3, ""language_non_portability"": 0, ""child_custody"": 0, ""geographic_isolation"": 1}","T4_purification;T5_sacred_enforcement","legal_basis","Per Nitrogen: scriptural anti-heresy passages (Deuteronomy 13, John 15, Romans 13) functioned as explicit legal premise cited in inquisitorial procedure. Distinct from 'authorizing' — the scripture was a legal substrate within an already-functioning tribunal apparatus, not the originating mobilization rhetoric.","{""state_power"": 4, ""land"": 0, ""class_control"": 2, ""political_legitimacy"": 3, ""empire"": 1, ""resource_capture"": 2, ""ethnic_conflict"": 3, ""patriarchy"": 0}","False","","plausible","4","False","SRC_LR003_WIKISOURCE_EXIGIT;SRC_LR003_BRITANNICA_INQUISITION;SRC_LR003_BRITANNICA_SPAIN","[""Confirmation-bias audit: Considered whether the Spanish Inquisition is CAPTURE (entire regime captive) or MIXED (specialized apparatus within a wider voluntary-Catholic society where most Spaniards were not interrogated). Scored CAPTURE because the regime_unit names the Inquisition specifically (the enforcement apparatus), not Spanish Catholicism broadly. The Inquisition apparatus itself was institutionally monopolized, sustained 350+ years, procedurally compounded \u2014 classic CAPTURE per the S1 Text Counter-Reformation anchor (3,3,4,4,3)."", ""Did not lift A or C to 4-on-everything (which would match Stalinist/CCP anchor) because Inquisition operated alongside crown civil authority rather than absorbing all governance \u2014 orthopraxy regime, not totalitarian regime.""]","[""Is 'Spanish Inquisition' the right unit, or should it be split into pre-1492 (focused on conversos) vs. post-Trent (Counter-Reformation orthodoxy enforcement) sub-regimes? The procedural continuity supports treating as one regime.""]"
"LR004","Portuguese Inquisition","Portuguese Inquisition tribunal system, 1536–1821, metropolitan Lisbon-Évora-Coimbra tribunals + Goa colonial branch under crown-papal joint authority.","3","Mirrors LR003 Spanish Inquisition. Identification of New Christians (forced converts and descendants), Judaizing practices, dietary deviations, etc. Goa branch added Hindu/Muslim ritual markers as legibility targets.","high","3","Public Catholic conformity sufficient. Goa context: forced conversion of Hindu/Muslim populations whose subsequent compliance was monitored externally.","medium","4","Comprehensive tribunal infrastructure mirroring Spanish model. 285 years of operation. Procedural manuals, dedicated enforcement.","high","4","Crown-papal monopoly. Single Inquisitor General. Goa tribunal was a colonial branch of the metropolitan apparatus, under unified procedure.","high","3","Same as LR003 metropolitan. **Goa branch had higher exit cost** for forced converts (Hindu/Muslim community severance after conversion + colonial state apparatus blocking return), suggesting decomposition into metropolitan E=3 and Goa E=4. Unified scoring averages to 3.","medium","capture","L=3, S=3, A=4, C=4, E=3. Mirrors LR003 prediction exactly. Predicts CAPTURE.","capture","285 years of sustained tribunal operation, including the notably brutal Goa branch with forced-conversion enforcement against Hindu and Muslim populations. Per Nitrogen: 'identity and ritual suppression in Goa and anti-converso policing in the metropolitan tribunal.'","True","substantive","{""legal_compulsion"": 4, ""kinship_endogamy"": 1, ""economic_dependence"": 3, ""language_non_portability"": 1, ""child_custody"": 0, ""geographic_isolation"": 2}","T4_purification;T5_sacred_enforcement","legal_basis","Same as LR003: scripture as legal substrate within an active tribunal apparatus.","{""state_power"": 4, ""land"": 1, ""class_control"": 2, ""political_legitimacy"": 3, ""empire"": 3, ""resource_capture"": 3, ""ethnic_conflict"": 3, ""patriarchy"": 0}","False","","plausible","4","False","SRC_LR004_BRITANNICA_JOHNIII;SRC_LR004_CAMBRIDGE_MODERN;SRC_LR004_BRITANNICA_GOA","[""Unified-vs-decomposed scoring: scored as a single regime, but Goa colonial branch had genuinely higher exit_cost (E=4) than metropolitan (E=3) because forced converts had no Hindu/Muslim community to return to and faced colonial state enforcement against return. The unified E=3 is an average that obscures real decomposable variation. This is direct input to Phase S2 Extension 4 (exit-cost mechanism decomposition)."", ""Confirmation-bias audit: same as LR003. Did not tilt above CAPTURE on the strength of Goa specifically, because the metropolitan tribunal's profile is the dominant majority of cases and the unified scoring should reflect the dominant pattern.""]","[""Should LR004 be split into LR004a (metropolitan, ~Spanish-Inquisition profile) and LR004b (Goa, with E=4 due to forced-conversion mechanism)? Doing so would produce 17 cases, which violates the 16-case scope. Flag as Phase S2 Extension 4 input.""]"
"LR005","Doctrine of Discovery / colonial conquest","Doctrine-of-Discovery legal-doctrinal regime: papal bulls 1452 (*Dum Diversas*) – 1493 (*Inter Caetera*) plus their colonial-state implementation 15th–17th centuries, scoring the regime as it operated on its own clergy and colonizers (per Q3).","3","Christian identity and orthodoxy of colonizers/clergy was assessable through standard ecclesiastical channels (sacraments, confession, mission discipline). Distinct from the *external projection* of the regime onto Indigenous targets, which is not what is being scored here per Q3.","low","3","Sacramental compliance + colonial-civilizing-mission performance treated as sufficient for clergy and colonizer standing.","low","3","Religious orders had disciplinary structures (Jesuit obedience, Franciscan visitation); colonial states had legal authority over civil-religious matters. But sanctions on dissenting clergy (Las Casas, Sahagún) operated through internal ecclesiastical channels, with widely varied enforcement.","low","4","Papal-crown monopoly via *patronato real* (Spain) and *padroado* (Portugal): single legal authority over colonial religious affairs in each empire.","medium","2","Clergy could leave a religious order (with cost — laicization), return to Europe, or transfer between orders. Significantly lower exit cost than tribunal regimes. Colonizers could return home with civil consequences but not legal apostasy.","low","mixed","L=3, S=3, A=3, C=4, E=2. Predicts MIXED — vigorous enforcement among clergy/colonizers but significant heterogeneity (Las Casas, Jesuit reductions, *Black Legend* internal dissent) and modest exit cost. Capture would require E≥3 plus universal A.","mixed","Heterogeneous — Spanish *Black Legend* and Bartolomé de las Casas as restraint counter-mobilization; Jesuit pluralism in some missions; hard-core conquest theology in others. Internal dissent persisted across the period.","True","formal_only_mechanism_mismatch","{""legal_compulsion"": 2, ""kinship_endogamy"": 0, ""economic_dependence"": 2, ""language_non_portability"": 0, ""child_custody"": 0, ""geographic_isolation"": 2}","T3_expansion_mandate;T5_sacred_enforcement","legal_basis","Per Nitrogen: papal bulls functioned as explicit legal premise for crown sovereignty over conquered lands; the *legal afterlife* (Marshall's 1823 *Johnson v. M'Intosh*) confirmed the doctrinal text as legal-foundational.","{""state_power"": 3, ""land"": 4, ""class_control"": 2, ""political_legitimacy"": 4, ""empire"": 4, ""resource_capture"": 4, ""ethnic_conflict"": 2, ""patriarchy"": 0}","True","Las Casas, Sahagún, Vitoria-Salamanca-school internal Christian critique operated as a competing regime within the same Catholic canon. Not modeled by current ABM (Phase S2 Extension 2 territory).","documented","5","True","SRC_LR005_VATICAN_DISCOVERY;SRC_LR005_INTER_CAETERA;SRC_LR005_LOC_DISCOVERY;SRC_LR005_DUM_DIVERSAS;SRC_LR005_ROMANUS_PONTIFEX;SRC_LR005_LOC_JOHNSON","[""Per Q3: scored on the orthodoxy-among-clergy-and-colonizers axis (the membership-with-exit population the ABM can represent). The substantively important axis \u2014 projection onto Indigenous targets \u2014 is the regime's primary effect but is not what the ABM rubric captures because Indigenous peoples were not 'members' in the ABM's voluntary-membership sense."", ""Confirmation-bias audit: predicted MIXED, observed MIXED, formal match. But this is match_type=formal_only_mechanism_mismatch \u2014 the ABM's exit-cost mechanism (cost to leave a voluntary community) is structurally different from the case's primary mechanism (papal-bull legitimation of dispossession of non-members)."", ""Confidence is 'low' on most dimensions because the case's substantive content lies outside what the ABM can represent. This is a Phase S2 input (Extension 5 flag \u2014 target-population modeling).""]","[""The case is primarily about projection of enforcement onto a non-member target population (Indigenous peoples). The ABM cannot model this. Per Q3, this is a recurring issue affecting LR005, LR015, LR016 and is also Paper 3 (caste) territory. Surfaced in synthesis_findings as Extension 5 flag.""]"
"LR006","Atlantic slavery pro-slavery biblical argument","U.S. antebellum pro-slavery clerical-print regime, ~1820–1865, Protestant + Catholic clergy in slaveholding states. Narrowed from Nitrogen's 16th–19th c. Atlantic scope because the 7-source documented evidence (Stringfellow, Fuller, Priest, Hopkins, Lord, Bacon — all Library of Congress + Museum of the Bible U.S. antebellum) supports this period and region most concretely.","3","Pro-slavery biblical argument was textually explicit and publicly preached (sermons, tracts, denominational publications). Clerical compliance — preaching the orthodox slavery line — was observable through publication record and church discipline.","medium","3","Slaveholding compatible with church standing. Visible compliance with denominational norms (mastership-as-Christian-duty) sufficed; theological evaluation didn't terminate at internal repentance for slaveholding.","medium","2","Denominations split rather than enforcing single orthodoxy — Methodists 1844, Baptists 1845, Presbyterians 1837/1861. Heretics on slavery weren't formally heretics; they just left for a different church. Enforcement infrastructure was weak relative to the inquisition-era 4 because there was no monopoly to enforce.","medium","2","No unified clerical authority. Competing Protestant denominations + Catholic + Episcopal (Hopkins). Federated authority at best.","high","2","Church discipline real but escape easy — switch denominations, move North, join an abolitionist congregation. The 'exit cost' of leaving a slaveholding-friendly denomination was modest because the broader American religious market offered substitutes.","high","mixed","L=3, S=3, A=2, C=2, E=2. Active enforcement on slaveholding orthodoxy through preaching and publication, but not institutionally consolidated; high exit feasibility through denominational switching. Predicts MIXED.","mixed","The pro-slavery clerical regime had vigorous textual orthodoxy on slavery but didn't capture the population — abolitionist Christians were a counter-mobilization within the same canon (LR011). The Civil War + federal abolition ended it externally. Per Nitrogen text_role_assessment 'legitimating': text legitimated slavery driven by labor/race/economy, not the reverse.","True","substantive","{""legal_compulsion"": 1, ""kinship_endogamy"": 1, ""economic_dependence"": 2, ""language_non_portability"": 0, ""child_custody"": 0, ""geographic_isolation"": 1}","T5_sacred_enforcement;T8_asymmetric_modern_rights_borrowing","legitimating","Per Nitrogen: the text legitimated a slavery regime driven by labor extraction, racial caste, and economic interest. Stringfellow, Hopkins, and Bacon were producing scriptural defenses *of an existing system*, not generating it. Distinct from LR001/LR002 'authorizing' where canon supplied the originating institutional authority.","{""state_power"": 3, ""land"": 2, ""class_control"": 4, ""political_legitimacy"": 3, ""empire"": 1, ""resource_capture"": 4, ""ethnic_conflict"": 3, ""patriarchy"": 1}","True","LR011 (abolitionist Christian counterreading) operated as a competing regime drawing on overlapping canon (Galatians 3:28 vs. Ephesians 6:5). Not modeled by current ABM (Phase S2 Extension 2).","documented","4","True","SRC_LR006_LOC_STRINGFELLOW;SRC_LR006_LOC_FULLER;SRC_LR006_LOC_PRIEST;SRC_LR006_LOC_HOPKINS;SRC_LR006_LOC_LORD_SERMON;SRC_LR006_LOC_LOVE_REVIEW;SRC_LR006_MOTB_BACON","[""Scope-narrowing: from Nitrogen's '16th\u201319th c. Atlantic' to 'U.S. antebellum 1820\u20131865' because the 7 deep-dive evidence sources are entirely U.S. antebellum LoC + Museum of the Bible. Scoring an Atlantic-wide regime would have been unsupported by the actual evidence trail."", ""Confirmation-bias audit: A=2 and C=2 are specifically lower than the inquisition-era 4 because the slavery-orthodoxy regime *fragmented denominationally* rather than consolidating. Did not tilt up to A=3 even though clerical sanction was real, because the absence of cross-denominational enforcement is the dispositive structural fact \u2014 slaveholders simply switched churches when sanctioned."", ""Nitrogen text_role_assessment='legitimating' is captured in the dimension scores: A=2, C=2 reflect the textual regime's enforcement weakness; the heavy lifting was done by non_textual_forces (slavery, labor, class_control, resource_capture all 3-4).""]","[""Should the implicit U.S. *antebellum* period boundary be extended to include the post-Civil-War Lost Cause religious recovery (1880\u20131960)? That regime was related but operationally distinct (Jim Crow theology rather than explicit pro-slavery). Out of scope for current Nitrogen evidence.""]"
"LR007","Missionary-colonial conversion regimes","Missionary-colonial conversion regimes, 16th–20th centuries, Americas Africa Asia (Nitrogen scope) — DECLINED as un-scoreable single regime per Q1.","","Declined — see scoring_decisions.","low","","Declined.","low","","Declined.","low","","Declined.","low","","Declined.","low","","Declined.","","Declined.","","","{""legal_compulsion"": null, ""kinship_endogamy"": null, ""economic_dependence"": null, ""language_non_portability"": null, ""child_custody"": null, ""geographic_isolation"": null}","T3_expansion_mandate","motivating","Inherited from Nitrogen — preserved here for completeness even though the case is declined.","{""state_power"": null, ""land"": null, ""class_control"": null, ""political_legitimacy"": null, ""empire"": null, ""resource_capture"": null, ""ethnic_conflict"": null, ""patriarchy"": null}","True","Nitrogen flags 'pluralistic-practice' restraint within mission contexts (R=1) — internal Christian dissent against pure conversion logic.","plausible","3","False","SRC_LR007_LOC_PAULIII;SRC_LR007_MOTB_SLAVEBIBLE;SRC_LR007_MOTB_BACON","[""DECLINED. Reason: 'Missionary-colonial conversion regimes, 16th\u201320th centuries, Americas Africa Asia' is four centuries \u00d7 three continents \u00d7 dozens of denominations \u00d7 hundreds of mission stations. This is closer to a tradition or a class of regimes than a regime in the methodology's sense ('Catholicism' is not scored; 'Counter-Reformation Catholicism under the Roman Inquisition' is)."", ""Internal heterogeneity: a Jesuit reduction in 17th-c. Paraguay, a Protestant CMS station in 19th-c. India, and a Catholic White Fathers mission in 20th-c. Rwanda are all 'missionary-colonial conversion regimes' but have radically different code geometries. They differ on at least: exit-cost mechanism (geographic isolation vs. linguistic incorporation vs. colonial-state-backed compulsion), enforcement affordance, and centralization (Jesuit obedience vs. CMS Anglican governance vs. White Fathers Roman authority)."", ""Per Q1 disposition: Decline rather than invent a sub-regime Nitrogen did not separately evidence. Picking a narrowest-defensible sub-instance (e.g., Jesuit Paraguay reductions) would add a Christian case to the corpus that was not separately evidenced, violating methodological discipline."", ""Per Q1 finding: this decline is itself an input to Phase S2. Extension 4 (exit-cost mechanism decomposition) is exactly the kind of mechanism that would let LR007's heterogeneous instances be distinguished without flattening. The ABM's scalar exit_cost cannot represent the variation; the synthesis Extension 4 specifically can. Surfaced in synthesis_findings.md \u00a71."", ""Nitrogen evidence quality is 3 (plausible only); EXPORT_NOTES explicitly notes 'evidence is weighted toward Atlantic and early American examples rather than all missions across Africa and Asia.' This confirms the scope problem from the export side: even Nitrogen does not have evidence for this case at the scope it is named.""]","[""Disposition: decline as un-scoreable single regime (current). Alternative: pick a narrowest-defensible sub-instance with separately-attached evidence. Alternative rejected because Nitrogen did not separately evidence such an instance and inventing one violates methodology."", ""Phase S2 path: Extension 4 (exit-cost mechanism decomposition) provides the structural answer. With six-mechanism decomposition, sub-regimes within LR007 become distinguishable. Phase S4's Christian regime replication sweep should include such sub-regimes if Phase S2 produces them."", ""Is there a future Phase S1.5 in which Nitrogen attaches sub-instance-level evidence (e.g., 'Jesuit reductions Paraguay' as its own case)? Out of scope for S1.""]"
"LR008","Witch trials","Early-modern European witch trial complex, ~1480 (publication of *Malleus Maleficarum*) – ~1750 (gradual epistemic decline of demonology), post-demonological judicial regime in Continental and English jurisdictions.","3","Demonological signs were notionally legible — confessions (often under torture), alleged witch-marks, accusations from neighbors, deviation from expected community behavior. Epistemically false but institutionally treated as legible.","medium","3","Confession plus signs sufficient for conviction. External markers (the witch-mark, the ducking-stool floating, denunciation patterns) terminated moral evaluation.","medium","3","Judicial procedures established (*Malleus Maleficarum* 1486, Carolina Code 1532, English Witchcraft Acts 1542/1563/1604). Defined infraction categories. Established sanction processes (execution by burning or hanging). Not 4 because procedural rigor and inquisitorial-vs-accusatorial procedure varied widely by jurisdiction.","medium","2","Decentralized — local courts, varied procedure across European jurisdictions. Not under a single ecclesiastical or state authority. Federated/regional rather than monopolistic. Distinct from the Spanish Inquisition's monopoly.","high","3","Once formal proceedings began, accusation was often unappealable and lethal (hanging or burning). Confession-via-torture short-circuited normal evidentiary process. But geographic mobility was available — those threatened could flee to other jurisdictions, and many panics were spatially contained.","medium","mixed","L=3, S=3, A=3, C=2, E=3. Active enforcement, regionally concentrated, decentralized authority. Predicts MIXED. Capture would require C≥3 plus systematic enforcement which the witch trial complex never achieved at European-wide scale.","mixed","MIXED with episodic peaks (panic phases — Trier 1581–1593, Würzburg 1626–1631, Salem 1692). Burned itself out by ~1750, less because of explicit institutional decapitation than because the epistemic legitimacy of demonology eroded under early-modern skepticism (Spinoza, Bekker, scientific revolution). Did not capture the European population.","True","substantive","{""legal_compulsion"": 4, ""kinship_endogamy"": 0, ""economic_dependence"": 1, ""language_non_portability"": 0, ""child_custody"": 0, ""geographic_isolation"": 1}","T4_purification;T5_sacred_enforcement","legal_basis","Per Nitrogen: Exodus 22:18 ('Thou shalt not suffer a witch to live') and *Malleus*-derived demonology functioned as explicit legal premise in courts. The text supplied juridical grounding rather than originating mobilization rhetoric.","{""state_power"": 2, ""land"": 1, ""class_control"": 2, ""political_legitimacy"": 3, ""empire"": 0, ""resource_capture"": 1, ""ethnic_conflict"": 0, ""patriarchy"": 4}","False","","plausible","4","False","SRC_LR008_BRITANNICA_EARLYMODERN;SRC_LR008_MALLEUS_BRITANNICA;SRC_LR008_MALLEUS_WIKISOURCE","[""Patriarchy=4 because the witch trial complex is one of the few cases in this corpus where gender-targeted enforcement is dispositive \u2014 ~75-85% of accused were women in most jurisdictions. This is the structural fact most missing from Nitrogen's non_textual_forces field for this case (which lists 'patriarchy' alongside security and political_legitimacy without weighting)."", ""Confirmation-bias audit: predicted MIXED, observed MIXED. Did not tilt down to QUIET despite the regime's uneven activation, because during panic phases enforcement was unmistakably active (W\u00fcrzburg ~600 burnings 1626\u20131631). Did not tilt up to CAPTURE because no jurisdiction sustained witch-prosecution as a primary enforcement modality across centuries \u2014 it was always episodic and ultimately self-limiting.""]","[""Regional variation is large (German territories vs. Spain's relative skepticism vs. Salem-as-anomaly in colonial Massachusetts). Scoring as one regime flattens this; a finer-grained analysis would treat 'Trier-type panics' separately from 'Salem-type colonial-frontier panics'.""]"
"LR009","Heresy suppression","Medieval Roman Inquisition, 1231 (Gregory IX *Excommunicamus*) – 1542 (founding of the Roman Inquisition under Paul III, transferring continuity to LR003-adjacent regime), Western Christendom papal commission. Narrowed per Q2 to avoid double-counting with LR002, LR003, LR004.","3","Heresy detection through preaching + denunciation; identifiable creedal markers (Cathar consolamentum, Waldensian preaching, Hussite communion-in-both-kinds). Manuals like Bernard Gui's *Practica Inquisitionis Hereticae Pravitatis* (~1324) codified observable indicators.","medium","3","Public abjuration + sacramental compliance treated as sufficient for return to orthodoxy. External performance terminated tribunal evaluation.","medium","3","Procedural infrastructure of medieval Inquisition: confession, abjuration, relapse-execution, secular handover. Established but less routinized than the post-1542 Roman or post-1478 Spanish models. 4 reserved for those.","medium","3","Papal commission (Dominican and later Franciscan inquisitors) but operating through episcopal cooperation. Hierarchical with appellate path to Rome but interpretive plurality contested. Less monopolistic than the Spanish or Roman Inquisition successors.","medium","3","Excommunication + handover to secular arm, plus property confiscation. But geographic mobility within Europe and shifting tribunal capacity meant exit was possible. Waldensians persisted in Alpine valleys; Hussites survived 1415 Constance.","medium","mixed","L=3, S=3, A=3, C=3, E=3. Active concentrated enforcement, federated authority. Predicts MIXED. CAPTURE prediction would require A=4 or C=4 (which the Spanish Inquisition successor achieved); medieval Roman Inquisition didn't reach that institutional consolidation.","mixed","Locally CAPTURE in target regions (Cathars eliminated by ~1300, Montségur 1244 fall) but medieval Roman Inquisition was less unified than its Spanish successor. Waldensians persisted in Alpine valleys. Hussites survived 1415 Constance to spawn Bohemian wars 1419–1434. Population-level outcome is MIXED across Western Christendom.","True","substantive","{""legal_compulsion"": 3, ""kinship_endogamy"": 0, ""economic_dependence"": 2, ""language_non_portability"": 0, ""child_custody"": 0, ""geographic_isolation"": 1}","T4_purification;T5_sacred_enforcement","authorizing","Per Nitrogen: scriptural anti-heresy passages supplied institutional and sacred authority for action; Titus 3:10, Deuteronomy 13, John 15 authorized excommunication and secular punishment.","{""state_power"": 3, ""land"": 1, ""class_control"": 2, ""political_legitimacy"": 3, ""empire"": 1, ""resource_capture"": 2, ""ethnic_conflict"": 1, ""patriarchy"": 0}","False","Cathars rejected canonical OT — different code rather than counter-reading. Waldensian and Hussite movements were closer to internal counter-readings of the same canon and could be argued as competing regimes; out of scope for current ABM.","plausible","3","False","SRC_LR009_LATERAN_HERESY;SRC_LR009_BERNARD_GUI;SRC_LR009_BRITANNICA_INQ","[""Per Q2: scope narrowed to medieval Roman Inquisition 1231\u20131542 to avoid double-counting with LR002 (Albigensian instance), LR003 (post-1478 Spanish), LR004 (post-1536 Portuguese), LR008 (witch trials). Eastern Christian heresy adjudication and the post-1542 Roman Inquisition are out of scope for this case as scored."", ""Confirmation-bias audit: did not tilt to CAPTURE despite the temptation (it's a heresy-suppression case, the rubric's most natural CAPTURE territory). Held to MIXED because medieval Roman Inquisition's institutional consolidation was lower than Spanish successor \u2014 A=3 not 4, C=3 not 4.""]","[""Boundary date 1542 corresponds to Paul III's founding of the Roman Inquisition. The post-1542 Roman Inquisition is conceptually a distinct case (closer to LR003 profile). Should LR009 explicitly cite this transition?"", ""Eastern Christian heresy adjudication (Byzantine, post-1453 Russian) is excluded for scope reasons but is methodologically relevant \u2014 would it score similarly?""]"
"LR010","Anti-Jewish expulsion/persecution arguments","Latin Christian anti-Jewish expulsion-and-persecution complex, ~1215 (Lateran IV badge requirement) – 1492 (Spanish expulsion), Western Europe, scoring the Christian regime's boundary apparatus rather than the Jewish target population.","2","Badge requirements and identification mandates were observable but episodic — implementation varied by city, era, and ruler. Ghettoization (post-1516 Venice) is later. Not continuous behavioral surveillance like inquisition-era; closer to mixed institutional evaluation.","medium","2","Visible Jewish identity was the marker but didn't substitute for moral standing in the regime — it located the targeted population but the moral evaluation of Christians wasn't conducted through anti-Jewish enforcement primarily.","low","2","Sanctions exist (badge fines, expulsion decrees, occasional pogroms) but episodic, not continuous institutional infrastructure. Regional variation huge — England 1290, France 1306, Spain 1492 are punctuated events between long periods of toleration-with-restriction.","medium","2","Decentralized: different rulers, different urban authorities, varying papal positions. Lateran IV provided general framework but local execution varied widely.","medium","3","Apostasy from Judaism into Christianity available (and sometimes coercively imposed); reverse not. Forced conversion + expulsion mean exit was *imposed* on the target population, not chosen. From the Jewish perspective high; from the Christian regime perspective the relevant exit cost (leaving Latin Christianity) is irrelevant to this case.","low","mixed","L=2, S=2, A=2, C=2, E=3. Active boundary-marking, regionally heterogeneous, episodic peaks. Predicts MIXED. Below the activation threshold for QUIET because real institutional sanctions exist; below CAPTURE because no consolidated apparatus.","mixed","Vigorous boundary-marking with episodic expulsion peaks (1290 England, 1306 France, 1492 Spain). The Christian regime persisted through the period with broadly consistent anti-Jewish theological framing but radically variable practical enforcement. From the Jewish target population's perspective, periodic catastrophic events; from the Christian regime's perspective, MIXED enforcement of boundary maintenance.","True","substantive","{""legal_compulsion"": 3, ""kinship_endogamy"": 1, ""economic_dependence"": 2, ""language_non_portability"": 1, ""child_custody"": 0, ""geographic_isolation"": 1}","T1_exclusive_salvation;T4_purification","identity_boundary_marker","Per Nitrogen: text drew and policed the inside/outside line (supersessionist rhetoric, deicide accusations) rather than directing specific enforcement actions. The text marks who is outside; specific persecution events were driven by fiscal opportunism (royal expulsions for asset seizure) and political crisis.","{""state_power"": 3, ""land"": 1, ""class_control"": 1, ""political_legitimacy"": 2, ""empire"": 0, ""resource_capture"": 3, ""ethnic_conflict"": 4, ""patriarchy"": 0}","False","","plausible","3","False","SRC_LR010_USHMM_ROOTS;SRC_LR010_LATERAN68;SRC_LR010_EXPULSION1492","[""Whose perspective is the regime? Scored the Christian regime's anti-Jewish boundary apparatus, not the Jewish community under pressure. The methodology rule 'unit is regime not tradition' applies on the active side: the Latin Christian persecution apparatus is the regime; Jewish communities are the target population. From the Christian regime's interior, this was MIXED enforcement on a peripheral question, not a primary CAPTURE target."", ""Confirmation-bias audit: held S to 2 (not 3) and L to 2 (not 3) because anti-Jewish enforcement was peripheral to the Christian regime's main moral economy \u2014 most Christians weren't being evaluated on their anti-Jewish behavior; Jews were being evaluated on their visibility."", ""ethnic_conflict=4 because the case is structurally about ethno-religious boundary maintenance; this is the case in this corpus where ethnic_conflict is most dispositive.""]","[""1492 Spain expulsion is the upper boundary because expulsion ended Jewish community presence in Spain. But the underlying Christian boundary-apparatus continued (later operating against converso descendants \u2014 links to LR003) and arguably persisted into modern antisemitism. Sharp date boundaries are partially arbitrary.""]"
"LR011","Abolitionist biblical counterreading","Atlantic Christian abolitionist scriptural-counterreading network, 1780s (organized abolition societies emerge) – 1865 (US emancipation), primarily U.S. and British Protestant reform networks.","1","Conscience and inner moral conviction emphasized over external compliance. Abolitionist commitment expressed through testimony, organizing, refusing slaveholder fellowship — visible but not institutionally evaluated through standardized markers.","high","0","Internal moral conviction explicitly necessary; external acts (manumission society membership, anti-slavery preaching) are evidence of conviction but not substitutes for it. Quaker/abolitionist epistemology resists external-compliance proxy.","high","1","Peer accountability in reform networks and meetings is real but not punitive. Disownment from abolitionist societies for slaveholding occurred (Philadelphia Yearly Meeting Friends 1758+) but as withdrawal of fellowship, not coercive sanction.","high","1","Decentralized reform networks: Society for the Abolition of the Slave Trade (UK 1787), American Anti-Slavery Society (1833), Quaker meetings, Methodist anti-slavery groups. No monopolistic adjudicating body.","high","0","Free entry/exit from reform networks. Departure from an abolitionist society had no material cost.","high","quiet","L=1, S=0, A=1, C=1, E=0. Sub-activation across all dimensions. Predicts QUIET — no enforcement niche, no concentration. Matches S1 Text Quaker-meeting anchor (1,0,0,0,0 → Quiet) closely.","quiet","In the ABM's enforcement-output sense — abolitionism mobilized politically and socially, but did not enforce orthodoxy on its own members through punishment. The case's substantive importance (rival mobilization on overlapping canon vs. LR006 pro-slavery clerical regime) is invisible to the ABM. Per synthesis Q4 option (b): scored as 'low σ × π that did not produce enforcement equilibria'.","True","boring_null","{""legal_compulsion"": 0, ""kinship_endogamy"": 0, ""economic_dependence"": 0, ""language_non_portability"": 0, ""child_custody"": 0, ""geographic_isolation"": 0}","T7_counter_reading","coordinating","Per Nitrogen: text aligned dispersed reformers on a common anti-slavery script (Galatians 3:28, Exodus liberation, Philemon as anti-slavery exegesis). Did not authorize coercion; coordinated voluntary action.","{""state_power"": 0, ""land"": 0, ""class_control"": 1, ""political_legitimacy"": 0, ""empire"": 0, ""resource_capture"": 0, ""ethnic_conflict"": 1, ""patriarchy"": 0}","True","Direct rival to LR006 (pro-slavery clerical regime) on overlapping canon. Galatians 3:28 vs. Ephesians 6:5; the same Bible used by both regimes. This is the central case Phase S2 Extension 2 (rival-regime competition) is designed to model. Currently invisible to the ABM.","documented","4","True","SRC_LR011_LOC_WELD;SRC_LR011_BRITANNICA_CHRISTIANITY;SRC_LR011_CLAPHAM;SRC_LR011_LOC_PLATFORM;SRC_LR011_LOC_GRIMKE;SRC_LR011_LOC_ELLIOTT","[""Confirmation-bias audit: predicted QUIET, observed QUIET, match=true. **This is a boring null match.** The framework correctly identifies low-\u03c3 \u00d7 low-\u03c0 regimes as quiet, which is a sanity check \u2014 it does not validate the framework's interesting claim about CAPTURE emergence. Reported as match_type='boring_null'."", ""Per synthesis Q4 (b): the case's substantive content \u2014 competing rival mobilization on the same canon \u2014 is outside what the ABM models. Score reflects only the enforcement-output axis: this regime did not enforce orthodoxy on members. Scoring captures absence of enforcement, not the presence of moral mobilization.""]","[""Phase S2 Extension 2 (rival-regime competition) is required to evaluate this case substantively. Until then, the boring-null match is the best the ABM can do.""]"
"LR012","Quaker anti-slavery practice","Quaker (Religious Society of Friends) abolitionist organizing tradition, 1758 (Philadelphia Yearly Meeting decision against slaveholding) – 1865 (U.S. emancipation), Atlantic world.","1","Quaker testimony of inner light explicitly resists external-compliance evaluation. 'Plain dress' and 'plain speech' are visible markers but understood as expressions of inner conviction, not substitutes for it.","high","0","Inner light epistemology — moral standing requires direct experience of the Spirit, not external performance. External acts secondary by doctrine.","high","0","No coercive enforcement infrastructure. Disciplinary mechanism is disownment (read out of meeting), which is loss of community standing without coercive sanction. Matches S1 Text Quaker-meeting anchor exactly.","high","0","Highly pluralistic; no adjudicative monopoly. Yearly meetings have advisory authority; consensus discernment is the operative process.","high","0","Free entry/exit. Departing Quakers do so without legal, economic, or kinship penalty in most periods. Some social cost in dense Quaker communities (e.g., 18th c. Philadelphia) but not exit cost in the rubric sense.","high","quiet","L=1, S=0, A=0, C=0, E=0 — exact match to S1 Text Quaker-meeting anchor (1,0,0,0,0 → Quiet).","quiet","Same as LR011 — abolitionist mobilization did not enforce orthodoxy through punishment. Decentralized organizing, boycotts, sustained anti-slavery work. From the ABM's enforcement-output perspective, QUIET.","True","boring_null","{""legal_compulsion"": 0, ""kinship_endogamy"": 0, ""economic_dependence"": 0, ""language_non_portability"": 0, ""child_custody"": 0, ""geographic_isolation"": 0}","T7_counter_reading","coordinating","Per Nitrogen: inner-light teaching + Galatians 3:28 coordinated Quaker anti-slavery practice across Atlantic meetings. Did not authorize coercion.","{""state_power"": 0, ""land"": 0, ""class_control"": 0, ""political_legitimacy"": 0, ""empire"": 0, ""resource_capture"": 0, ""ethnic_conflict"": 0, ""patriarchy"": 0}","True","Rival to LR006 (pro-slavery clerical regime). Notable as the first organized Christian denominational rejection of slaveholding (1758 PYM disownment decision). Phase S2 Extension 2 territory.","plausible","4","False","SRC_LR012_HICKS;SRC_LR012_MANUMISSION;SRC_LR012_ABOLITIONISM","[""Confirmation-bias audit: predicted QUIET, observed QUIET, match=true, match_type=boring_null. Same reasoning as LR011. The framework correctly identifies a low-everything case as QUIET; this is a sanity check, not a framework validation."", ""All eight non_textual_forces score 0 \u2014 the case is genuinely about endogenous theological conviction with minimal external coupling. This is an unusual profile in this corpus.""]","[""Same as LR011: Extension 2 needed for substantive evaluation.""]"
"LR013","Liberation theology","Latin American Catholic + Protestant liberation-theology movement, ~1968 (Medellín CELAM conference) – ~1990 (Vatican suppression climax under Ratzinger CDF), base communities and theological networks.","1","Solidarity-with-poor as orientation, expressed through pastoral practice and theological writing — visible but not standardized for institutional evaluation. Some external markers (option for the poor language, base community participation) but not coercively standardized.","medium","1","External practice (base community work, social action) is necessary but understood as expression of conviction, not substitute. Closer to monastic-tradition Substitutability than to high-σ regime.","medium","1","Some peer discipline within base communities (consensus-formed agreement on praxis), but not coercive enforcement. Vatican suppression of named theologians (Boff silenced 1985) operated externally to the movement, not internally.","medium","1","Decentralized movement with informal hierarchy (named theologians: Gutiérrez, Boff, Sobrino, Ellacuría) but no binding adjudicative authority over base communities.","medium","1","Mild — base community participation was voluntary; departure had social cost in densely-organized parishes but no material penalty. Right-wing state violence against base communities (especially El Salvador 1980s) is a separate issue from the regime's internal exit cost.","medium","quiet","L=1, S=1, A=1, C=1, E=1 — sub-activation across all dimensions. Predicts QUIET. Slightly elevated relative to Quaker baseline (1,0,0,0,0) because of the more institutionalized base-community structure, but still well below activation threshold.","quiet","Liberation theology mobilized politically and pastorally but did not enforce orthodoxy on its own members through punishment. Significantly suppressed externally (Vatican CDF discipline, right-wing state violence — Romero murdered 1980, Ellacuría and Jesuit colleagues murdered 1989), but internally: QUIET in the enforcement-output sense.","True","boring_null","{""legal_compulsion"": 0, ""kinship_endogamy"": 0, ""economic_dependence"": 1, ""language_non_portability"": 0, ""child_custody"": 0, ""geographic_isolation"": 0}","T7_counter_reading","coordinating","Per Nitrogen: text (Exodus liberation narrative, Luke 4 manifesto, Matthew 25 judgment) coordinated dispersed pastoral and theological work around the option for the poor.","{""state_power"": 1, ""land"": 1, ""class_control"": 3, ""political_legitimacy"": 1, ""empire"": 0, ""resource_capture"": 0, ""ethnic_conflict"": 0, ""patriarchy"": 0}","True","Rival to mainstream Catholic hierarchy in Latin America during the period; Ratzinger's CDF interventions (*Libertatis Nuntius* 1984, *Libertatis Conscientia* 1986) disciplined named theologians. Not a counter-regime against a CAPTURE regime per se but a counter-regime to traditional pastoral praxis.","plausible","4","False","SRC_LR013_LIBTHEOLOGY;SRC_LR013_GUTIERREZ;SRC_LR013_VATICAN_LIBERATION","[""Confirmation-bias audit: predicted QUIET, observed QUIET, match=true, match_type=boring_null. Slight elevation in scores relative to Quaker (LR012) because base communities were more institutionally structured than meetings, but still well below activation threshold. Did not tilt up despite the temptation: liberation theology was politically vigorous but internally non-enforcing."", ""Nitrogen R=2 (not 3) \u2014 restraint is less full-throated than Quaker pacifism. Relevant because Phase S2 Extension 2 will need to score restraint strength as a continuous variable, not binary.""]","[""Same as LR011/LR012: Extension 2 needed.""]"
"LR014","Modern universalist/softening interpretations","Late-20th-century mainstream Christian softening (post-Vatican II Catholic + liberal Protestant), ~1965 (Vatican II close) – present, global North primarily.","1","Inclusion-and-pluralism as orientation. Visible but not standardized for evaluation. Some markers (ecumenical participation, interfaith dialogue) but not coercively standardized.","medium","1","External practice somewhat decoupled from internal conviction in late-modern liberal Christianity — many participants attend without strict creedal alignment. Closer to monastic-tradition than to high-σ.","medium","1","Some institutional standards (ordination requirements, denominational discipline cases) but minimal lay-level enforcement. Departure tolerated; heterodoxy mostly tolerated.","medium","1","Decentralized — multiple denominations, varying ecclesiastical authority, eroded confessional rigidity. Catholic church has formal centralization but practical pluralism in late-modern parish life.","medium","0","Departure is socially tolerated, materially costless. The 'nones' demographic transition is the empirical confirmation of E=0.","high","mixed","L=1, S=1, A=1, C=1, E=0. Per Q4 disposition: although strict ABM dose-response would suggest QUIET (sub-activation), the case has high observed exit_rate without enforcement-induced depopulation. The current four-regime ABM has no category for 'loose-enforcement-with-attrition' distinct from MIXED. Per Q4: predicted MIXED, with the COLLAPSE-narrow-definition issue documented in scoring_decisions and surfaced for Phase S5 manuscript revision.","mixed","Empirically: high attrition (Pew 2023 mainline Protestant retention <50%; Catholic retention ~50% in U.S.), low active enforcement, softened doctrinal claims. The 'nones' rise. Substantive observation is 'collapse-style attrition without enforcement tightening' — which the rubric flattens to MIXED.","True","substantive","{""legal_compulsion"": 0, ""kinship_endogamy"": 0, ""economic_dependence"": 0, ""language_non_portability"": 0, ""child_custody"": 0, ""geographic_isolation"": 0}","T6_softened_modern_interpretation;T7_counter_reading","legitimating","Per Nitrogen: softened readings legitimate non-coercive practice. *Dignitatis Humanae* (Vatican II), *Nostra Aetate*, contemporary universalist Christian writing — re-reading earlier coercive structures through metaphor, privatization, spiritualization.","{""state_power"": 0, ""land"": 0, ""class_control"": 0, ""political_legitimacy"": 0, ""empire"": 0, ""resource_capture"": 0, ""ethnic_conflict"": 0, ""patriarchy"": 0}","True","Rival to traditionalist/conservative Christianity within the same canon. The 'softening' is itself a counter-reading to confessional and inquisitorial historical regimes. Phase S2 Extension 2 territory (and Phase S5 manuscript content as well).","plausible","4","False","SRC_LR014_DIGNITATIS;SRC_LR014_NOSTRA;SRC_LR014_UNIVERSALISM","[""Per Q4: scored predicted MIXED rather than QUIET because the case combines low-enforcement *with* high attrition. The current ABM rubric does not have a regime label for 'collapse-style attrition without enforcement tightening' \u2014 COLLAPSE is reserved for enforcement-induced depopulation. The rubric flattens the case to MIXED."", ""Confirmation-bias audit: this is the case where my pre-disposition might have been QUIET (low-everything matches Quaker template numerically). Following Q4, scored MIXED to reflect the substantive observation of population draining. The scoring_decisions field documents the disagreement between rubric prediction and dose-response prediction."", ""**Phase S5 manuscript-revision finding (per Q4)**: 'Collapse-style attrition without enforcement tightening is itself a regime type the ABM does not formally distinguish from MIXED. The current rubric requires COLLAPSE to be enforcement-induced depopulation. Real-world religious decline frequently happens without that, which the rubric flattens into MIXED.' This belongs in revised \u00a79 (Discussion) of Paper 2 as a clarification of what the COLLAPSE label denotes.""]","[""Should the ABM/manuscript distinguish enforcement-induced collapse (current COLLAPSE definition) from secular-decline-without-tightening (currently absorbed into MIXED or left undefined)? This affects the four-regime taxonomy structurally, not just empirically.""]"
"LR015","Canadian Indian Residential Schools","Canadian Indian Residential School system, 1880s (early federal involvement) – 1996 (closure of last federally-run school), Government of Canada (Indian Affairs) + Catholic + Anglican + United + Presbyterian church partnership operating under federal administrative monopoly.","4","Continuous behavioral surveillance of residential children: dress (uniforms), language (English/French only, punishment for Indigenous languages), dietary practice (school meals), religious practice (compulsory church attendance, catechesis), schedule. Maximum legibility — visible compliance was the operational standard for approval.","high","4","Forced English/French-language church attendance was treated as evidence of conversion regardless of internal disposition. Child performance of Christianity was the operational standard. External performance fully substituted for moral standing in the regime.","high","4","Comprehensive infraction taxonomy with mandatory sanctions (corporal punishment routinized). Enforcement infrastructure dedicated to detection (residential staff, school administration) and punishment. Compulsory attendance from 1920 (Indian Act amendments).","high","4","Federal Indian Affairs administrative monopoly unified the system across denominations. Single legal authority over Indigenous children's education. Multi-denominational delivery but unified federal administrative structure — not a federation of independent regimes. Matches CCP/Stalinist anchor (4,4,4,4,4 → Capture).","high","4","Children physically removed from families and communities. Legal compulsion to attend (1920+). Language suppression severed return-to-community capacity. Geographic isolation (boarding schools located far from home communities). Child-custody mechanism eliminates exit entirely. Maximum exit cost — physical and legal blocks rather than social cost.","high","capture","L=4, S=4, A=4, C=4, E=4 — exact match to S1 Text CCP / Stalinist anchors (4,4,4,4,4 → Capture). Predicts CAPTURE.","capture","TRC explicitly characterized the system as cultural genocide. >150,000 children attended; many never returned. Compulsory attendance from 1920. Documented at evidence_quality=5 with 9 deep-dive sources including TRC summary, NCTR archive, government and church apologies (2008 Canada apology, 2022 Vatican Maskwacis, 1993 Anglican apology).","True","formal_only_mechanism_mismatch","{""legal_compulsion"": 4, ""kinship_endogamy"": 0, ""economic_dependence"": 2, ""language_non_portability"": 4, ""child_custody"": 4, ""geographic_isolation"": 3}","T3_expansion_mandate;T5_sacred_enforcement","authorizing","Per Nitrogen: text (Matthew 28:19-20 Great Commission + civilizing-mission rhetoric) authorized the assimilation project; without sacral framing the Christian-civilizational 'remaking' lacked institutional authority. Distinguished from 'legitimating' because the text supplied the conversion mandate, not just decoration.","{""state_power"": 4, ""land"": 3, ""class_control"": 3, ""political_legitimacy"": 3, ""empire"": 3, ""resource_capture"": 2, ""ethnic_conflict"": 3, ""patriarchy"": 1}","False","Indigenous resistance and parental refusal existed but operated externally to the regime — not a competing Christian regime drawing on the same canon.","documented","5","True","SRC_LR015_NCTR_HISTORY;SRC_LR015_CANADA_HISTORY;SRC_LR015_NCTR_UNMARKED;SRC_LR015_TRC_SUMMARY;SRC_LR015_TRC_SURVIVORS_SPEAK;SRC_LR015_NCTR_ARCHIVES;SRC_LR015_CANADA_APOLOGY_2008;SRC_LR015_VATICAN_MASKWACIS;SRC_LR015_ANGLICAN_APOLOGY_1993","[""Centralization=4 (not 3) because federal Indian Affairs unified four denominations under a single administrative apparatus \u2014 this is not a federation of independent regimes but a state-coordinated joint regime. Substitutability=4 because the operational standard for student 'success' was external compliance with Christian-civilizational behavior; internal religious conviction was neither tested nor required."", ""**STRUCTURAL MISMATCH (per Q6, match_type=formal_only_mechanism_mismatch)**: the prediction matches the observation, but the *mechanism* the rubric describes does not apply. The ABM's exit-cost mechanism is voluntary-departure cost (cost to leave a community one chose to join). LR015's exit cost is *legal compulsion of minors who never chose to enter*. The system was imposed on a target population, not chosen by members. The match is by accident of formal score, not by mechanism."", ""Confirmation-bias audit: 4-on-everything is the maximum score; any pre-disposition risks tilting toward the obvious match. Verified each dimension against S1 Text anchors (Taliban/CCP/Stalinist/Iranian) and the case profile is genuinely 4-on-everything based on TRC documentation. The scoring is correct in the formal sense; the structural-mismatch finding belongs to the mechanism level.""]","[""Per Q3 + Q6 + Q3 grouping: this case belongs to the 'enforcement projected onto non-member or captive populations' Phase S2 Extension 5 flag. The ABM cannot represent the regime's primary mechanism (custody-of-minors-imposed-by-adults-outside-the-regime)."", ""End boundary 1996 (last federal school closure) is operational; the regime's *effects* (intergenerational trauma, language loss, family disruption) extend to present. Should regime_unit cover the full institutional period or be split (operational era 1880s-1996 vs. legacy era)? Operational scoring is what the rubric supports.""]"
"LR016","U.S. Native American boarding schools / Carlisle model","U.S. federal Indian boarding school system, 1879 (Carlisle Indian Industrial School founding) – ~1934 (Indian Reorganization Act marks transition away from compulsory assimilation), Christian (Protestant + Catholic) mission partnership with federal Bureau of Indian Affairs.","4","Mirrors LR015 — continuous behavioral surveillance of residential children: military-style discipline (Carlisle), uniforms, English-only enforcement, name changes, religious instruction. Maximum legibility.","high","4","Same as LR015. External Christian-civilizational compliance treated as the operational standard.","high","4","Pratt's Carlisle model emphasized total institutional discipline. Corporal punishment, solitary confinement, hair cutting, name changes routinized.","high","3","U.S. Bureau of Indian Affairs less monolithic than Canadian Indian Affairs Canada — substantial denominational variation in school operation, plus federal-only schools (Carlisle, Haskell) without church partnership. Hierarchical with appellate structure but more federated than monopolistic. Distinguishes LR016 from LR015 on this dimension.","medium","4","Same mechanisms as LR015 — children removed from families, geographic isolation (Carlisle in Pennsylvania for Western tribes' children), language suppression, legal compulsion via federal Indian agent enforcement.","high","capture","L=4, S=4, A=4, C=3, E=4. Slightly less centralized than LR015 (C=3 vs. C=4) but still predicts CAPTURE — Iranian morality police anchor (4,3,4,4,3) and Saudi CPVPV (4,3,4,3,3) both produce CAPTURE with C=3. The L=S=A=E=4 conjunction overwhelms the C=3.","capture","DOI 2022 Federal Indian Boarding School Initiative reports document forced removal, cultural assimilation, Carlisle's 'Kill the Indian, save the man' explicit logic, required Christian instruction, language suppression, corporal punishment, and burial-site evidence. System-level capture documented; school-level variation acknowledged in Nitrogen evidence_indicators.","True","formal_only_mechanism_mismatch","{""legal_compulsion"": 4, ""kinship_endogamy"": 0, ""economic_dependence"": 2, ""language_non_portability"": 4, ""child_custody"": 4, ""geographic_isolation"": 4}","T3_expansion_mandate;T5_sacred_enforcement","authorizing","Same as LR015. Note from methodology_locked.md: the Pratt phrase 'Kill the Indian in him, and save the man' is U.S. Carlisle, NOT Canadian residential schools. The assimilationist *logic* is shared, the *phrase* is not.","{""state_power"": 4, ""land"": 3, ""class_control"": 3, ""political_legitimacy"": 3, ""empire"": 3, ""resource_capture"": 3, ""ethnic_conflict"": 3, ""patriarchy"": 1}","False","Indigenous resistance and parental refusal real but external to the regime.","plausible","4","False","SRC_LR016_DOI_INITIATIVE;SRC_LR016_NPS_CARLISLE;SRC_LR016_NPS_PROCLAMATION","[""C=3 (not 4) distinguishes LR016 from LR015. U.S. BIA included substantial denominational variation (CMS, Methodist, Baptist, Catholic mission partnerships) plus federal-only schools without church partnership. Less unified federal-religious apparatus than Canada's. resource_capture=3 (vs. LR015's 2) because U.S. Indian land policy was more aggressively extraction-focused; *Dawes Act* 1887 allotment ran in parallel to boarding-school assimilation."", ""**STRUCTURAL MISMATCH (per Q6, match_type=formal_only_mechanism_mismatch)**: same as LR015. The prediction matches but the mechanism doesn't. Children-as-targets, not members-with-exit. Phase S2 Extension 5 flag."", ""Confirmation-bias audit: predicted CAPTURE, observed CAPTURE. Verified that the C=3 decision is genuine and not a tilt-down to differentiate from LR015 cosmetically. The institutional structure of U.S. BIA is materially different from Canadian Indian Affairs Canada in ways the rubric should reflect."", ""Methodology terminology: the Pratt phrase is preserved as U.S. Carlisle attribution per methodology_locked.md guidance. Did not import the assimilationist-logic phrase to LR015 framing.""]","[""Per Q6: structural mismatch grouping with LR005, LR015. Phase S2 Extension 5 flag."", ""End boundary ~1934 IRA marks the *policy transition* but boarding schools persisted in altered form for decades. Same regime-unit boundary question as LR015.""]"
