seed,run_dir,final_exit_rate,final_prevalence_active,max_punish_rate,top5_punish_share,top10_punish_share,enforcer_punish_share,literalism_enrichment_d,regime,fallback_drop_t
1,/storage/social-science/religion-code-geometry-abm/results/v2.5_corrected_baseline/seed_01,0.3828571428571428,0.1342592592592592,0.1485714285714285,0.8094678035871803,0.9797118494560424,0.7450749779476624,1.857653221545407,MIXED,32.0
2,/storage/social-science/religion-code-geometry-abm/results/v2.5_corrected_baseline/seed_02,0.36,0.1205357142857142,0.1428571428571428,0.8315911730545877,0.972336606482948,0.8194488438390878,2.303890392251672,MIXED,37.0
3,/storage/social-science/religion-code-geometry-abm/results/v2.5_corrected_baseline/seed_03,0.3657142857142857,0.1216216216216216,0.1628571428571428,0.7734313171283211,0.9764838892029395,0.7565856416054267,2.180372095796141,MIXED,35.0
4,/storage/social-science/religion-code-geometry-abm/results/v2.5_corrected_baseline/seed_04,0.3857142857142857,0.1348837209302325,0.1514285714285714,0.8046250475827941,0.9793490673772364,0.7611343738104301,2.730338742907463,MIXED,24.0
5,/storage/social-science/religion-code-geometry-abm/results/v2.5_corrected_baseline/seed_05,0.3571428571428571,0.1422222222222222,0.1514285714285714,0.7779070997778013,0.9777801290868691,0.7610834832292879,2.2800061519710404,MIXED,33.0
6,/storage/social-science/religion-code-geometry-abm/results/v2.5_corrected_baseline/seed_06,0.3657142857142857,0.1351351351351351,0.1542857142857142,0.8174236334405145,0.9778938906752411,0.7800442122186495,2.448997215502676,MIXED,40.0
7,/storage/social-science/religion-code-geometry-abm/results/v2.5_corrected_baseline/seed_07,0.2885714285714286,0.1244979919678714,0.1428571428571428,0.8142584644730567,0.9730567477348593,0.7947067238912733,2.352896241505342,MIXED,41.0
8,/storage/social-science/religion-code-geometry-abm/results/v2.5_corrected_baseline/seed_08,0.3685714285714285,0.1312217194570135,0.1485714285714285,0.7851191174744748,0.9739467198685601,0.7735007628212651,2.1839511945433934,MIXED,31.0
9,/storage/social-science/religion-code-geometry-abm/results/v2.5_corrected_baseline/seed_09,0.3828571428571428,0.1296296296296296,0.1514285714285714,0.7754953202868603,0.9737449860216361,0.7020785219399538,2.1681047707494896,MIXED,31.0
10,/storage/social-science/religion-code-geometry-abm/results/v2.5_corrected_baseline/seed_10,0.3514285714285714,0.1277533039647577,0.1514285714285714,0.7953299976173457,0.9767691208005719,0.7860376459375744,2.2915275696577053,MIXED,59.0
11,/storage/social-science/religion-code-geometry-abm/results/v2.5_corrected_baseline/seed_11,0.3685714285714285,0.1357466063348416,0.1542857142857142,0.8026981450252951,0.9764966273187183,0.7595910623946037,3.044824417285431,MIXED,42.0
12,/storage/social-science/religion-code-geometry-abm/results/v2.5_corrected_baseline/seed_12,0.4257142857142857,0.1641791044776119,0.1514285714285714,0.8092479874337326,0.9780090320047123,0.7494600431965442,2.345683152835322,MIXED,29.0
13,/storage/social-science/religion-code-geometry-abm/results/v2.5_corrected_baseline/seed_13,0.3971428571428571,0.1279620853080568,0.16,0.7908007173752506,0.9785842388437599,0.7275029011499103,2.156973410621233,MIXED,25.0
14,/storage/social-science/religion-code-geometry-abm/results/v2.5_corrected_baseline/seed_14,0.3885714285714285,0.1448598130841121,0.1685714285714285,0.814992927864215,0.9786892975011787,0.7326732673267327,1.7774452735341126,MIXED,21.0
15,/storage/social-science/religion-code-geometry-abm/results/v2.5_corrected_baseline/seed_15,0.36,0.1428571428571428,0.1428571428571428,0.7702023298589822,0.9716738197424892,0.7380748007357449,2.0714877929578215,MIXED,25.0
16,/storage/social-science/religion-code-geometry-abm/results/v2.5_corrected_baseline/seed_16,0.3714285714285714,0.1545454545454545,0.1485714285714285,0.7956530176596157,0.9776829031632059,0.7922569377061905,1.8083342686606898,MIXED,33.0
17,/storage/social-science/religion-code-geometry-abm/results/v2.5_corrected_baseline/seed_17,0.4171428571428571,0.1568627450980392,0.1542857142857142,0.8003651856360317,0.9763846622032867,0.7317102860620815,2.159348803155645,MIXED,39.0
18,/storage/social-science/religion-code-geometry-abm/results/v2.5_corrected_baseline/seed_18,0.3714285714285714,0.1318181818181818,0.1514285714285714,0.8312831283128312,0.9797979797979798,0.7947794779477948,2.693066552602318,MIXED,35.0
19,/storage/social-science/religion-code-geometry-abm/results/v2.5_corrected_baseline/seed_19,0.4085714285714286,0.1497584541062802,0.1371428571428571,0.7963860286694933,0.9777912376337573,0.7559055118110236,2.335627438578016,MIXED,23.0
20,/storage/social-science/religion-code-geometry-abm/results/v2.5_corrected_baseline/seed_20,0.4571428571428571,0.1526315789473684,0.1485714285714285,0.791975240411186,0.9802144357245496,0.6833204377141594,2.357252913249156,MIXED,62.0
21,/storage/social-science/religion-code-geometry-abm/results/v2.5_corrected_baseline/seed_21,0.3942857142857143,0.1367924528301886,0.1342857142857142,0.7952636282394996,0.9800714924039321,0.7589812332439678,2.3604507404307555,MIXED,35.0
22,/storage/social-science/religion-code-geometry-abm/results/v2.5_corrected_baseline/seed_22,0.4257142857142857,0.154228855721393,0.1571428571428571,0.8189204229271008,0.9760712298274903,0.7151919866444073,2.2799206986919076,MIXED,49.0
23,/storage/social-science/religion-code-geometry-abm/results/v2.5_corrected_baseline/seed_23,0.3914285714285714,0.136150234741784,0.1428571428571428,0.7844784478447845,0.976997699769977,0.7534753475347534,2.1458964467385124,MIXED,36.0
24,/storage/social-science/religion-code-geometry-abm/results/v2.5_corrected_baseline/seed_24,0.3942857142857143,0.1509433962264151,0.1485714285714285,0.8048045534443793,0.9824223654473927,0.7693144722524483,2.7016073338195,MIXED,24.0
25,/storage/social-science/religion-code-geometry-abm/results/v2.5_corrected_baseline/seed_25,0.4028571428571428,0.1483253588516746,0.1485714285714285,0.8039340101522843,0.9767343485617598,0.7262055837563451,1.979308837322406,MIXED,31.0
26,/storage/social-science/religion-code-geometry-abm/results/v2.5_corrected_baseline/seed_26,0.3742857142857143,0.1141552511415525,0.1371428571428571,0.8300675675675676,0.9778153153153153,0.8061936936936936,2.278552678859005,MIXED,27.0
27,/storage/social-science/religion-code-geometry-abm/results/v2.5_corrected_baseline/seed_27,0.3685714285714285,0.1583710407239819,0.1657142857142857,0.7812356979405034,0.9768878718535469,0.777116704805492,2.392702595569839,MIXED,28.0
28,/storage/social-science/religion-code-geometry-abm/results/v2.5_corrected_baseline/seed_28,0.3514285714285714,0.1233480176211453,0.1628571428571428,0.7899906454630495,0.974976613657624,0.7730355472404116,2.26386135764272,MIXED,35.0
29,/storage/social-science/religion-code-geometry-abm/results/v2.5_corrected_baseline/seed_29,0.4085714285714286,0.1594202898550724,0.1457142857142857,0.8165603718516917,0.9782726191763053,0.783807155983137,1.9427604457903356,MIXED,41.0
30,/storage/social-science/religion-code-geometry-abm/results/v2.5_corrected_baseline/seed_30,0.3428571428571428,0.1217391304347826,0.1428571428571428,0.7768180551685706,0.9653106714962385,0.7456115909724157,2.584481514300013,MIXED,26.0
