sigma,pi_reward,n_runs,n_capture,median_exit_rate,median_top5_share,median_enforcer_share
0.25,0.05,5,0,0.0828571428571428,0.601725377426312,0.6431229804340635
0.25,0.25,5,0,0.4171428571428571,0.8279192273924495,0.7891047451331682
0.25,0.5,5,0,0.4342857142857143,0.7761887736860923,0.6876260668755118
0.75,0.05,5,0,0.3485714285714286,0.8294514445717195,0.9344737342666828
0.75,0.25,5,0,0.3771428571428571,0.816746126340882,0.9582698190275803
0.75,0.5,5,0,0.3742857142857143,0.8210354223433243,0.964335190310772
0.95,0.05,5,0,0.3028571428571429,0.7886063072227874,0.9579583574435137
0.95,0.25,5,0,0.3171428571428571,0.7966000596480763,0.9707293316466578
0.95,0.5,5,0,0.2971428571428571,0.782783326096396,0.9673822591016208
