arm,run_dir,seed,turnover_mode,exit_capacity_mode,mu_membership_reward,ec_tenure_crowdout,born_inside_frac,ec50,ec200,ec449,n_active,exit_capacity_mean,exit_capacity_sd,exit_capacity_ndistinct,cumulative_exit_rate,exit_rate_last100,frac_born_inside,mean_econ_independence,mean_outside_ties,enforcer_punish_share,code_sha256,aggregated_utc
live_econ,results/v3_3_endogenous_capacity_v2/generational_live_econ/mu_0.6/crowd_0.002/born_0.8/seed_01,1,on,endogenous,0.6,0.002,0.8,0.5663450184575601,0.6099644102728069,0.6243610505310586,154,0.6222201130723387,0.2073970234807674,153,0.4866666666666667,0.0941176470588235,0.4935064935064935,0.663325859718453,0.5853962413436643,0.7877303475623979,a3bb242669f1dcd92e60af82912b52126568cf3a1658657fd1a1828272478497,2026-07-25T10:21:24.856227+00:00
live_econ,results/v3_3_endogenous_capacity_v2/generational_live_econ/mu_0.6/crowd_0.002/born_0.8/seed_02,2,on,endogenous,0.6,0.002,0.8,0.5642945310158414,0.5926986709872876,0.6209792693761802,148,0.6214457761519785,0.20008111031126982,143,0.5066666666666667,0.1242603550295858,0.4729729729729729,0.6554332999055382,0.5865252388468221,0.9659837649787398,a3bb242669f1dcd92e60af82912b52126568cf3a1658657fd1a1828272478497,2026-07-25T10:21:24.856227+00:00
live_econ,results/v3_3_endogenous_capacity_v2/generational_live_econ/mu_0.6/crowd_0.002/born_0.8/seed_03,3,on,endogenous,0.6,0.002,0.8,0.5649850535208809,0.609980036198568,0.5935079444673836,153,0.5937984658431702,0.19359205603753862,149,0.49,0.1052631578947368,0.551948051948052,0.6383850781887268,0.5486308107460406,0.850253807106599,a3bb242669f1dcd92e60af82912b52126568cf3a1658657fd1a1828272478497,2026-07-25T10:21:24.856227+00:00
live_econ,results/v3_3_endogenous_capacity_v2/generational_live_econ/mu_0.6/crowd_0.002/born_0.8/seed_04,4,on,endogenous,0.6,0.002,0.8,0.5598028395052422,0.5827548088612939,0.5716131090140482,136,0.5723085174796052,0.19892956224022953,133,0.5466666666666666,0.1111111111111111,0.5441176470588235,0.6257913547501386,0.5174348632779575,0.7702606212067119,a3bb242669f1dcd92e60af82912b52126568cf3a1658657fd1a1828272478497,2026-07-25T10:21:24.856227+00:00
live_econ,results/v3_3_endogenous_capacity_v2/generational_live_econ/mu_0.6/crowd_0.002/born_0.8/seed_05,5,on,endogenous,0.6,0.002,0.8,0.5714205482742424,0.5947003734808358,0.5876046768207073,127,0.5880390041159271,0.19848838027270985,124,0.5766666666666667,0.1476510067114094,0.5118110236220472,0.6295746773043445,0.5456346763370707,0.8593894542090657,a3bb242669f1dcd92e60af82912b52126568cf3a1658657fd1a1828272478497,2026-07-25T10:21:24.856227+00:00
live_econ,results/v3_3_endogenous_capacity_v2/generational_live_econ/mu_0.6/crowd_0.002/born_0.8/seed_06,6,on,endogenous,0.6,0.002,0.8,0.5672961983770048,0.6004970923483677,0.5986574267637368,155,0.5991025480355843,0.20236068535527463,153,0.4833333333333333,0.088235294117647,0.5225806451612903,0.6405128738394841,0.5568019796879895,0.9335679718433788,a3bb242669f1dcd92e60af82912b52126568cf3a1658657fd1a1828272478497,2026-07-25T10:21:24.856227+00:00
live_econ,results/v3_3_endogenous_capacity_v2/generational_live_econ/mu_0.6/crowd_0.002/born_0.8/seed_07,7,on,endogenous,0.6,0.002,0.8,0.5596665148211792,0.5838505389040519,0.6037124361490082,152,0.6012391559907267,0.2037755114676681,148,0.4933333333333333,0.0617283950617283,0.5263157894736842,0.6448620726362307,0.5625627996617858,0.882436837815811,a3bb242669f1dcd92e60af82912b52126568cf3a1658657fd1a1828272478497,2026-07-25T10:21:24.856227+00:00
live_econ,results/v3_3_endogenous_capacity_v2/generational_live_econ/mu_0.6/crowd_0.002/born_0.8/seed_08,8,on,endogenous,0.6,0.002,0.8,0.5538737460481776,0.5745569348181035,0.6014457196801521,145,0.5979591718394078,0.18644961622594655,144,0.5166666666666667,0.0993788819875776,0.5205479452054794,0.6419428963355406,0.5609485430247635,0.7722983257229833,a3bb242669f1dcd92e60af82912b52126568cf3a1658657fd1a1828272478497,2026-07-25T10:21:24.856227+00:00
live_econ,results/v3_3_endogenous_capacity_v2/generational_live_econ/mu_0.6/crowd_0.002/born_0.8/seed_09,9,on,endogenous,0.6,0.002,0.8,0.577130226022338,0.5967432048057825,0.5942613975181994,142,0.5903960660079961,0.1852457085371595,141,0.5266666666666666,0.144578313253012,0.6153846153846154,0.6417779193628632,0.5467448756735357,0.8062869425040301,a3bb242669f1dcd92e60af82912b52126568cf3a1658657fd1a1828272478497,2026-07-25T10:21:24.856227+00:00
live_econ,results/v3_3_endogenous_capacity_v2/generational_live_econ/mu_0.6/crowd_0.002/born_0.8/seed_10,10,on,endogenous,0.6,0.002,0.8,0.570533310858943,0.6059471496295329,0.6186918514008803,153,0.6193366161913528,0.19017580000795078,151,0.49,0.0727272727272727,0.4705882352941176,0.6567582274559809,0.5806254753457799,0.8898305084745762,a3bb242669f1dcd92e60af82912b52126568cf3a1658657fd1a1828272478497,2026-07-25T10:21:24.856227+00:00
live_econ,results/v3_3_endogenous_capacity_v2/generational_live_econ/mu_0.6/crowd_0.002/born_0/seed_01,1,on,endogenous,0.6,0.002,0.0,0.6238055448660113,0.7536436214211917,0.7814595570758092,162,0.7809668549052406,0.15982472194238648,158,0.46,0.0470588235294117,0.0,0.7700447717985393,0.792874342353079,0.8510332950631458,a3bb242669f1dcd92e60af82912b52126568cf3a1658657fd1a1828272478497,2026-07-25T10:21:24.856227+00:00
live_econ,results/v3_3_endogenous_capacity_v2/generational_live_econ/mu_0.6/crowd_0.002/born_0/seed_02,2,on,endogenous,0.6,0.002,0.0,0.6175478752269606,0.6911245206601404,0.7387522532639116,137,0.7403834010991619,0.17697547476933123,131,0.5433333333333333,0.0616438356164383,0.0,0.7328313876046301,0.7446731189231932,0.7641929858554544,a3bb242669f1dcd92e60af82912b52126568cf3a1658657fd1a1828272478497,2026-07-25T10:21:24.856227+00:00
live_econ,results/v3_3_endogenous_capacity_v2/generational_live_econ/mu_0.6/crowd_0.002/born_0/seed_03,3,on,endogenous,0.6,0.002,0.0,0.625492890747638,0.7190510208910693,0.7556791251127318,153,0.7551722656724136,0.16936927563020268,150,0.49,0.04375,0.0,0.7472466835813074,0.7641115666441564,0.9085151301900071,a3bb242669f1dcd92e60af82912b52126568cf3a1658657fd1a1828272478497,2026-07-25T10:21:24.856227+00:00
live_econ,results/v3_3_endogenous_capacity_v2/generational_live_econ/mu_0.6/crowd_0.002/born_0/seed_04,4,on,endogenous,0.6,0.002,0.0,0.6147969214923212,0.7194682655397838,0.7150650909330198,108,0.7146657314083659,0.19414701825354735,108,0.64,0.2230215827338129,0.0,0.7132206141980592,0.7169095676679808,0.3809106830122592,a3bb242669f1dcd92e60af82912b52126568cf3a1658657fd1a1828272478497,2026-07-25T10:21:24.856227+00:00
live_econ,results/v3_3_endogenous_capacity_v2/generational_live_econ/mu_0.6/crowd_0.002/born_0/seed_05,5,on,endogenous,0.6,0.002,0.0,0.6059257578930817,0.6889495298305061,0.7079248884333473,145,0.7075358736941696,0.18962638902299261,142,0.5166666666666667,0.0993788819875776,0.0,0.7068936361356034,0.7089561407310911,0.8893129770992366,a3bb242669f1dcd92e60af82912b52126568cf3a1658657fd1a1828272478497,2026-07-25T10:21:24.856227+00:00
live_econ,results/v3_3_endogenous_capacity_v2/generational_live_econ/mu_0.6/crowd_0.002/born_0/seed_06,6,on,endogenous,0.6,0.002,0.0,0.6357617854280545,0.7401325491447239,0.7641634207019303,148,0.7622810670550719,0.17045985520404747,146,0.5066666666666667,0.0512820512820512,0.0,0.7546686471425647,0.773658194261296,0.9121715076071922,a3bb242669f1dcd92e60af82912b52126568cf3a1658657fd1a1828272478497,2026-07-25T10:21:24.856227+00:00
live_econ,results/v3_3_endogenous_capacity_v2/generational_live_econ/mu_0.6/crowd_0.002/born_0/seed_07,7,on,endogenous,0.6,0.002,0.0,0.6019921116916975,0.7075612319062027,0.7347675904885114,149,0.7343768858350199,0.17041284214246538,144,0.5033333333333333,0.0858895705521472,0.0,0.7299785425414547,0.7395566384355682,0.8337789661319073,a3bb242669f1dcd92e60af82912b52126568cf3a1658657fd1a1828272478497,2026-07-25T10:21:24.856227+00:00
live_econ,results/v3_3_endogenous_capacity_v2/generational_live_econ/mu_0.6/crowd_0.002/born_0/seed_08,8,on,endogenous,0.6,0.002,0.0,0.5997538751071552,0.7157330252335733,0.735662265182249,150,0.7352610215153065,0.18473807868669748,144,0.5,0.0566037735849056,0.0,0.7313432712104274,0.7399812591540705,0.7140794223826715,a3bb242669f1dcd92e60af82912b52126568cf3a1658657fd1a1828272478497,2026-07-25T10:21:24.856227+00:00
live_econ,results/v3_3_endogenous_capacity_v2/generational_live_econ/mu_0.6/crowd_0.002/born_0/seed_09,9,on,endogenous,0.6,0.002,0.0,0.6326691502680458,0.7211194211555322,0.7579506187582007,142,0.7575023845100565,0.17780304586416604,137,0.5266666666666666,0.1341463414634146,0.0,0.749927740253404,0.7659734972629975,0.7960339943342776,a3bb242669f1dcd92e60af82912b52126568cf3a1658657fd1a1828272478497,2026-07-25T10:21:24.856227+00:00
live_econ,results/v3_3_endogenous_capacity_v2/generational_live_econ/mu_0.6/crowd_0.002/born_0/seed_10,10,on,endogenous,0.6,0.002,0.0,0.6053608472905713,0.7265542014277386,0.7819669589540472,137,0.7815886406387774,0.1582708356583519,133,0.5433333333333333,0.0616438356164383,0.0,0.7690702000311043,0.7948637178769901,0.9046912114014252,a3bb242669f1dcd92e60af82912b52126568cf3a1658657fd1a1828272478497,2026-07-25T10:21:24.856227+00:00
live_econ,results/v3_3_endogenous_capacity_v2/generational_live_econ/mu_0.6/crowd_0.008/born_0.8/seed_01,1,on,endogenous,0.6,0.008,0.8,0.5397583786387238,0.3688206345705532,0.3532615045872084,212,0.3534356801553225,0.12329462636590767,212,0.2933333333333333,0.0535714285714285,0.5471698113207547,0.637860327996073,0.0686626811783439,0.9406214618190968,a3bb242669f1dcd92e60af82912b52126568cf3a1658657fd1a1828272478497,2026-07-25T10:21:24.856227+00:00
live_econ,results/v3_3_endogenous_capacity_v2/generational_live_econ/mu_0.6/crowd_0.008/born_0.8/seed_02,2,on,endogenous,0.6,0.008,0.8,0.5324523188892447,0.3795525945696191,0.3580970336150989,206,0.3580565852742759,0.15540590740572333,206,0.3133333333333333,0.0283018867924528,0.4320388349514563,0.6311742465415267,0.0850198206886711,0.9799967474386079,a3bb242669f1dcd92e60af82912b52126568cf3a1658657fd1a1828272478497,2026-07-25T10:21:24.856227+00:00
live_econ,results/v3_3_endogenous_capacity_v2/generational_live_econ/mu_0.6/crowd_0.008/born_0.8/seed_03,3,on,endogenous,0.6,0.008,0.8,0.5257278390394342,0.3845254216498222,0.3627076733230344,224,0.3627460814112952,0.15767235647066824,224,0.2533333333333333,0.0303030303030303,0.46875,0.635291735268634,0.0901236113774346,0.9775927327781984,a3bb242669f1dcd92e60af82912b52126568cf3a1658657fd1a1828272478497,2026-07-25T10:21:24.856227+00:00
live_econ,results/v3_3_endogenous_capacity_v2/generational_live_econ/mu_0.6/crowd_0.008/born_0.8/seed_04,4,on,endogenous,0.6,0.008,0.8,0.5251727697337958,0.3643907954403295,0.3472112701723854,204,0.34732416925248394,0.13025461033503904,204,0.32,0.0331753554502369,0.5049019607843137,0.6221885746512146,0.0722339656935565,0.9674781639100539,a3bb242669f1dcd92e60af82912b52126568cf3a1658657fd1a1828272478497,2026-07-25T10:21:24.856227+00:00
live_econ,results/v3_3_endogenous_capacity_v2/generational_live_econ/mu_0.6/crowd_0.008/born_0.8/seed_05,5,on,endogenous,0.6,0.008,0.8,0.5411510721340486,0.3595030836182902,0.3442117111725699,210,0.3443410088232869,0.11231635501683704,210,0.3,0.0410958904109589,0.4809523809523809,0.6284524286391743,0.0599709937059655,0.9821712830308819,a3bb242669f1dcd92e60af82912b52126568cf3a1658657fd1a1828272478497,2026-07-25T10:21:24.856227+00:00
live_econ,results/v3_3_endogenous_capacity_v2/generational_live_econ/mu_0.6/crowd_0.008/born_0.8/seed_06,6,on,endogenous,0.6,0.008,0.8,0.5321521479609811,0.3940077239987128,0.3487502893117488,206,0.34719120891447025,0.12421225381800303,206,0.3133333333333333,0.0593607305936073,0.470873786407767,0.6330113105955182,0.0644892680279793,0.9281056966369252,a3bb242669f1dcd92e60af82912b52126568cf3a1658657fd1a1828272478497,2026-07-25T10:21:24.856227+00:00
live_econ,results/v3_3_endogenous_capacity_v2/generational_live_econ/mu_0.6/crowd_0.008/born_0.8/seed_07,7,on,endogenous,0.6,0.008,0.8,0.5228161235934786,0.3635567586620339,0.3366423353725238,214,0.3366598096100019,0.11444021012765106,214,0.2866666666666667,0.0403587443946188,0.5186915887850467,0.6165218419611134,0.056762828783934,0.979245568853204,a3bb242669f1dcd92e60af82912b52126568cf3a1658657fd1a1828272478497,2026-07-25T10:21:24.856227+00:00
live_econ,results/v3_3_endogenous_capacity_v2/generational_live_econ/mu_0.6/crowd_0.008/born_0.8/seed_08,8,on,endogenous,0.6,0.008,0.8,0.520157283560663,0.3625776554836996,0.3599281745891817,208,0.358003163440206,0.14777695833473026,208,0.3066666666666666,0.0502283105022831,0.4449760765550239,0.6357869946975466,0.0840693544808168,0.975633177289641,a3bb242669f1dcd92e60af82912b52126568cf3a1658657fd1a1828272478497,2026-07-25T10:21:24.856227+00:00
live_econ,results/v3_3_endogenous_capacity_v2/generational_live_econ/mu_0.6/crowd_0.008/born_0.8/seed_09,9,on,endogenous,0.6,0.008,0.8,0.5474332661170125,0.3738008789013427,0.3634974467994355,210,0.3633573976746666,0.14624497517115018,210,0.3,0.0454545454545454,0.4786729857819905,0.6466389154253043,0.0803559781735668,0.9713616714697406,a3bb242669f1dcd92e60af82912b52126568cf3a1658657fd1a1828272478497,2026-07-25T10:21:24.856227+00:00
live_econ,results/v3_3_endogenous_capacity_v2/generational_live_econ/mu_0.6/crowd_0.008/born_0.8/seed_10,10,on,endogenous,0.6,0.008,0.8,0.5439305554886121,0.3742410330097052,0.3677602126229722,223,0.36785249262372427,0.15337169009578253,223,0.2566666666666666,0.0304347826086956,0.4663677130044843,0.6407870433166406,0.0947333819293037,0.9816645179773671,a3bb242669f1dcd92e60af82912b52126568cf3a1658657fd1a1828272478497,2026-07-25T10:21:24.856227+00:00
live_econ,results/v3_3_endogenous_capacity_v2/generational_live_econ/mu_0.6/crowd_0.008/born_0/seed_01,1,on,endogenous,0.6,0.008,0.0,0.5963079858097452,0.5012706161111243,0.50637471963991,183,0.5055400381621498,0.24128478563305253,182,0.39,0.046875,0.0,0.7535301617305181,0.2592192775493017,0.965929888779389,a3bb242669f1dcd92e60af82912b52126568cf3a1658657fd1a1828272478497,2026-07-25T10:21:24.856227+00:00
live_econ,results/v3_3_endogenous_capacity_v2/generational_live_econ/mu_0.6/crowd_0.008/born_0/seed_02,2,on,endogenous,0.6,0.008,0.0,0.5789032680224526,0.4655227495861731,0.4957059818873459,185,0.49487272664540816,0.24720380053867186,185,0.3833333333333333,0.075,0.0,0.7394831470234524,0.2519288167512392,0.9789473684210527,a3bb242669f1dcd92e60af82912b52126568cf3a1658657fd1a1828272478497,2026-07-25T10:21:24.856227+00:00
live_econ,results/v3_3_endogenous_capacity_v2/generational_live_econ/mu_0.6/crowd_0.008/born_0/seed_03,3,on,endogenous,0.6,0.008,0.0,0.5993038782019767,0.5180168106310951,0.461113359872235,192,0.46044169139224506,0.226634428712907,192,0.36,0.0679611650485436,0.0,0.7276208864337196,0.1946058333107505,0.9763519387932533,a3bb242669f1dcd92e60af82912b52126568cf3a1658657fd1a1828272478497,2026-07-25T10:21:24.856227+00:00
live_econ,results/v3_3_endogenous_capacity_v2/generational_live_econ/mu_0.6/crowd_0.008/born_0/seed_04,4,on,endogenous,0.6,0.008,0.0,0.5707797212867144,0.4727633669458957,0.4486553287851379,174,0.44799133511528366,0.23225507033190376,173,0.42,0.0744680851063829,0.0,0.7067694448701108,0.1905412127001652,0.9308283518360376,a3bb242669f1dcd92e60af82912b52126568cf3a1658657fd1a1828272478497,2026-07-25T10:21:24.856227+00:00
live_econ,results/v3_3_endogenous_capacity_v2/generational_live_econ/mu_0.6/crowd_0.008/born_0/seed_05,5,on,endogenous,0.6,0.008,0.0,0.5712767843832679,0.4629169895228551,0.4806523392805392,183,0.4798378063473272,0.2375578550943817,183,0.39,0.0710659898477157,0.0,0.7296117544970636,0.2316929240640148,0.9779108449767132,a3bb242669f1dcd92e60af82912b52126568cf3a1658657fd1a1828272478497,2026-07-25T10:21:24.856227+00:00
live_econ,results/v3_3_endogenous_capacity_v2/generational_live_econ/mu_0.6/crowd_0.008/born_0/seed_06,6,on,endogenous,0.6,0.008,0.0,0.5910778211397654,0.4446784253461694,0.4323635230053995,179,0.431798512078832,0.21486498351673006,179,0.4033333333333333,0.0773195876288659,0.0,0.7012694482618442,0.1634575977489546,0.9679123200845108,a3bb242669f1dcd92e60af82912b52126568cf3a1658657fd1a1828272478497,2026-07-25T10:21:24.856227+00:00
live_econ,results/v3_3_endogenous_capacity_v2/generational_live_econ/mu_0.6/crowd_0.008/born_0/seed_07,7,on,endogenous,0.6,0.008,0.0,0.5740991084457451,0.475744958209992,0.488827026302941,175,0.4879574371685261,0.23645221196403027,175,0.4166666666666667,0.0591397849462365,0.0,0.7374020374003463,0.2402520152055356,0.9644970414201184,a3bb242669f1dcd92e60af82912b52126568cf3a1658657fd1a1828272478497,2026-07-25T10:21:24.856227+00:00
live_econ,results/v3_3_endogenous_capacity_v2/generational_live_econ/mu_0.6/crowd_0.008/born_0/seed_08,8,on,endogenous,0.6,0.008,0.0,0.5688661989832308,0.4821593698196688,0.48279394715422,173,0.4870077223978994,0.24858519809308477,172,0.4233333333333333,0.0698924731182795,0.0,0.7229530071444261,0.2426348871640139,0.9517241379310345,a3bb242669f1dcd92e60af82912b52126568cf3a1658657fd1a1828272478497,2026-07-25T10:21:24.856227+00:00
live_econ,results/v3_3_endogenous_capacity_v2/generational_live_econ/mu_0.6/crowd_0.008/born_0/seed_09,9,on,endogenous,0.6,0.008,0.0,0.6006590414180357,0.4771153505858144,0.4806840875581533,163,0.47670967069138176,0.2502600788309305,162,0.4566666666666666,0.1043956043956044,0.0,0.7190199724707892,0.2423482026455175,0.9736236131463262,a3bb242669f1dcd92e60af82912b52126568cf3a1658657fd1a1828272478497,2026-07-25T10:21:24.856227+00:00
live_econ,results/v3_3_endogenous_capacity_v2/generational_live_econ/mu_0.6/crowd_0.008/born_0/seed_10,10,on,endogenous,0.6,0.008,0.0,0.5696887354744173,0.4693220774777442,0.482770041473635,175,0.4819566244680764,0.23912591305028194,175,0.4166666666666667,0.0885416666666666,0.0,0.7360488926505863,0.2294911902966838,0.9388955944477972,a3bb242669f1dcd92e60af82912b52126568cf3a1658657fd1a1828272478497,2026-07-25T10:21:24.856227+00:00
live_econ,results/v3_3_endogenous_capacity_v2/generational_live_econ/mu_0.8/crowd_0.002/born_0.8/seed_01,1,on,endogenous,0.8,0.002,0.8,0.5431311295652743,0.5577096680800484,0.5484261598054677,158,0.548654653073123,0.17177727576639482,158,0.4733333333333333,0.0595238095238095,0.4746835443037974,0.5171992941297588,0.5796530254811764,0.9466723549488054,a3bb242669f1dcd92e60af82912b52126568cf3a1658657fd1a1828272478497,2026-07-25T10:21:24.856227+00:00
live_econ,results/v3_3_endogenous_capacity_v2/generational_live_econ/mu_0.8/crowd_0.002/born_0.8/seed_02,2,on,endogenous,0.8,0.002,0.8,0.5456000547396379,0.5506318359355851,0.54957592929049,160,0.5498412957470977,0.18717685406554305,160,0.4666666666666667,0.106145251396648,0.4875,0.5193548484687077,0.5797970101122725,0.8377712031558185,a3bb242669f1dcd92e60af82912b52126568cf3a1658657fd1a1828272478497,2026-07-25T10:21:24.856227+00:00
live_econ,results/v3_3_endogenous_capacity_v2/generational_live_econ/mu_0.8/crowd_0.002/born_0.8/seed_03,3,on,endogenous,0.8,0.002,0.8,0.5457442383060589,0.5474708550106266,0.5406900447954993,186,0.5410281403454905,0.18235964752899628,186,0.38,0.0558375634517766,0.4838709677419355,0.5224047093981297,0.5589753801928691,0.8612076455256299,a3bb242669f1dcd92e60af82912b52126568cf3a1658657fd1a1828272478497,2026-07-25T10:21:24.856227+00:00
live_econ,results/v3_3_endogenous_capacity_v2/generational_live_econ/mu_0.8/crowd_0.002/born_0.8/seed_04,4,on,endogenous,0.8,0.002,0.8,0.5377506417371686,0.5086043062566621,0.5162337406421466,125,0.5165440360224232,0.18167281443183383,125,0.5833333333333334,0.1007194244604316,0.512,0.5037220795632562,0.5287454017210368,0.8275465183195857,a3bb242669f1dcd92e60af82912b52126568cf3a1658657fd1a1828272478497,2026-07-25T10:21:24.856227+00:00
live_econ,results/v3_3_endogenous_capacity_v2/generational_live_econ/mu_0.8/crowd_0.002/born_0.8/seed_05,5,on,endogenous,0.8,0.002,0.8,0.5536714183821655,0.5460117425402232,0.5454397421714591,170,0.5443524122651402,0.16821323664293197,170,0.4333333333333333,0.0555555555555555,0.4411764705882353,0.5150504926606144,0.5758289916823036,0.8814236111111111,a3bb242669f1dcd92e60af82912b52126568cf3a1658657fd1a1828272478497,2026-07-25T10:21:24.856227+00:00
live_econ,results/v3_3_endogenous_capacity_v2/generational_live_econ/mu_0.8/crowd_0.002/born_0.8/seed_06,6,on,endogenous,0.8,0.002,0.8,0.5480114372552305,0.5567592263370821,0.5355255753843357,166,0.5359187023735302,0.1811124013642307,166,0.4466666666666666,0.0459770114942528,0.5120481927710844,0.5162198391608795,0.5548313116077918,0.8417329796640142,a3bb242669f1dcd92e60af82912b52126568cf3a1658657fd1a1828272478497,2026-07-25T10:21:24.856227+00:00
live_econ,results/v3_3_endogenous_capacity_v2/generational_live_econ/mu_0.8/crowd_0.002/born_0.8/seed_07,7,on,endogenous,0.8,0.002,0.8,0.5482268702312496,0.5447656634039734,0.5382259687776506,147,0.5386525612802076,0.18356938670913744,147,0.51,0.0925925925925925,0.5306122448979592,0.5223694558142528,0.5540824817410485,0.9111416781292985,a3bb242669f1dcd92e60af82912b52126568cf3a1658657fd1a1828272478497,2026-07-25T10:21:24.856227+00:00
live_econ,results/v3_3_endogenous_capacity_v2/generational_live_econ/mu_0.8/crowd_0.002/born_0.8/seed_08,8,on,endogenous,0.8,0.002,0.8,0.5370578281470867,0.5315271771407776,0.5206394735202498,167,0.5210933606697082,0.1698740337353244,167,0.4433333333333333,0.0824175824175824,0.5089820359281437,0.5106583690497893,0.5306205779907102,0.8642544924720739,a3bb242669f1dcd92e60af82912b52126568cf3a1658657fd1a1828272478497,2026-07-25T10:21:24.856227+00:00
live_econ,results/v3_3_endogenous_capacity_v2/generational_live_econ/mu_0.8/crowd_0.002/born_0.8/seed_09,9,on,endogenous,0.8,0.002,0.8,0.5557570180823779,0.5421537698195017,0.544490065243314,154,0.5390964928296619,0.19276400604659,153,0.4866666666666667,0.0666666666666666,0.5,0.5224978658331902,0.5664822646534378,0.8949424788365531,a3bb242669f1dcd92e60af82912b52126568cf3a1658657fd1a1828272478497,2026-07-25T10:21:24.856227+00:00
live_econ,results/v3_3_endogenous_capacity_v2/generational_live_econ/mu_0.8/crowd_0.002/born_0.8/seed_10,10,on,endogenous,0.8,0.002,0.8,0.5519741794465715,0.5309426181898534,0.5591565444082385,140,0.5594254723131129,0.17385336984556685,140,0.5333333333333333,0.1304347826086956,0.4857142857142857,0.5279631309559825,0.5903499578604945,0.8992939427722036,a3bb242669f1dcd92e60af82912b52126568cf3a1658657fd1a1828272478497,2026-07-25T10:21:24.856227+00:00
live_econ,results/v3_3_endogenous_capacity_v2/generational_live_econ/mu_0.8/crowd_0.002/born_0/seed_01,1,on,endogenous,0.8,0.002,0.0,0.6022445457561931,0.6537107669277484,0.6904793225767809,144,0.6899590126258194,0.18630185927624396,144,0.52,0.1,0.0,0.6113942718689594,0.7695643732846025,0.816160118606375,a3bb242669f1dcd92e60af82912b52126568cf3a1658657fd1a1828272478497,2026-07-25T10:21:24.856227+00:00
live_econ,results/v3_3_endogenous_capacity_v2/generational_live_econ/mu_0.8/crowd_0.002/born_0/seed_02,2,on,endogenous,0.8,0.002,0.0,0.6005464301390037,0.6638989443819003,0.6465965269894908,161,0.6461156379834789,0.19302492046577308,161,0.4633333333333333,0.063953488372093,0.0,0.5735047740850698,0.7196882798939115,0.9467178887589778,a3bb242669f1dcd92e60af82912b52126568cf3a1658657fd1a1828272478497,2026-07-25T10:21:24.856227+00:00
live_econ,results/v3_3_endogenous_capacity_v2/generational_live_econ/mu_0.8/crowd_0.002/born_0/seed_03,3,on,endogenous,0.8,0.002,0.0,0.6100726224098123,0.6861354796461024,0.6781761736710331,155,0.6777091690495836,0.18792683049543554,155,0.4833333333333333,0.0773809523809523,0.0,0.5995685076841119,0.7567838396579545,0.8972425170869668,a3bb242669f1dcd92e60af82912b52126568cf3a1658657fd1a1828272478497,2026-07-25T10:21:24.856227+00:00
live_econ,results/v3_3_endogenous_capacity_v2/generational_live_econ/mu_0.8/crowd_0.002/born_0/seed_04,4,on,endogenous,0.8,0.002,0.0,0.5777717596313053,0.6556322439186507,0.6730701134099439,116,0.6749445464439788,0.1945528450996021,116,0.6133333333333333,0.1343283582089552,0.0,0.5955056023655205,0.750634624454367,0.826004628655586,a3bb242669f1dcd92e60af82912b52126568cf3a1658657fd1a1828272478497,2026-07-25T10:21:24.856227+00:00
live_econ,results/v3_3_endogenous_capacity_v2/generational_live_econ/mu_0.8/crowd_0.002/born_0/seed_05,5,on,endogenous,0.8,0.002,0.0,0.5825513607308466,0.6458658797814372,0.672187741094422,150,0.6716150058975778,0.18787834443723883,150,0.5,0.0853658536585365,0.0,0.5956339571645343,0.7487415250243099,0.7898644286636539,a3bb242669f1dcd92e60af82912b52126568cf3a1658657fd1a1828272478497,2026-07-25T10:21:24.856227+00:00
live_econ,results/v3_3_endogenous_capacity_v2/generational_live_econ/mu_0.8/crowd_0.002/born_0/seed_06,6,on,endogenous,0.8,0.002,0.0,0.6096478147099007,0.6408347566245798,0.6807838641394903,132,0.6801440141559156,0.19403944193296654,132,0.56,0.1258278145695364,0.0,0.6044482902858375,0.7571194379931431,0.8540048218590945,a3bb242669f1dcd92e60af82912b52126568cf3a1658657fd1a1828272478497,2026-07-25T10:21:24.856227+00:00
live_econ,results/v3_3_endogenous_capacity_v2/generational_live_econ/mu_0.8/crowd_0.002/born_0/seed_07,7,on,endogenous,0.8,0.002,0.0,0.5750128842814075,0.6499749398927832,0.6748207503493101,149,0.6741675917538656,0.17849980763882234,149,0.5033333333333333,0.0858895705521472,0.0,0.5960259016515053,0.753615599047115,0.8950437317784257,a3bb242669f1dcd92e60af82912b52126568cf3a1658657fd1a1828272478497,2026-07-25T10:21:24.856227+00:00
live_econ,results/v3_3_endogenous_capacity_v2/generational_live_econ/mu_0.8/crowd_0.002/born_0/seed_08,8,on,endogenous,0.8,0.002,0.0,0.5637767618655654,0.6525274654081832,0.6492035892202352,153,0.6500035292063976,0.19166468748738688,152,0.49,0.1052631578947368,0.0,0.5757505976197045,0.7226565808207659,0.8357007575757576,a3bb242669f1dcd92e60af82912b52126568cf3a1658657fd1a1828272478497,2026-07-25T10:21:24.856227+00:00
live_econ,results/v3_3_endogenous_capacity_v2/generational_live_econ/mu_0.8/crowd_0.002/born_0/seed_09,9,on,endogenous,0.8,0.002,0.0,0.6091113824880692,0.6558857061905093,0.642627215964514,142,0.6421629598099108,0.1855560564999422,142,0.5266666666666666,0.0657894736842105,0.0,0.5668824081817055,0.7183720237473227,0.9443711521547933,a3bb242669f1dcd92e60af82912b52126568cf3a1658657fd1a1828272478497,2026-07-25T10:21:24.856227+00:00
live_econ,results/v3_3_endogenous_capacity_v2/generational_live_econ/mu_0.8/crowd_0.002/born_0/seed_10,10,on,endogenous,0.8,0.002,0.0,0.5796211108160587,0.6717822887205515,0.678445132081668,154,0.6763820741477032,0.18298642154733608,154,0.4866666666666667,0.019108280254777,0.0,0.5989842543517654,0.7579060098115706,0.8321063394683027,a3bb242669f1dcd92e60af82912b52126568cf3a1658657fd1a1828272478497,2026-07-25T10:21:24.856227+00:00
live_econ,results/v3_3_endogenous_capacity_v2/generational_live_econ/mu_0.8/crowd_0.008/born_0.8/seed_01,1,on,endogenous,0.8,0.008,0.8,0.5140890444493645,0.3307856299408459,0.2973889801545571,237,0.3003790988129171,0.14855471448869859,237,0.21,0.0165975103734439,0.5021097046413502,0.5156327170090855,0.0791452433000288,0.9542602712001619,a3bb242669f1dcd92e60af82912b52126568cf3a1658657fd1a1828272478497,2026-07-25T10:21:24.856227+00:00
live_econ,results/v3_3_endogenous_capacity_v2/generational_live_econ/mu_0.8/crowd_0.008/born_0.8/seed_02,2,on,endogenous,0.8,0.008,0.8,0.5118990159364868,0.3232708473207676,0.3112485593291207,219,0.31098249898366404,0.1680138719575024,219,0.27,0.0223214285714285,0.4337899543378995,0.5280448747264187,0.0944522439318226,0.9856700676372807,a3bb242669f1dcd92e60af82912b52126568cf3a1658657fd1a1828272478497,2026-07-25T10:21:24.856227+00:00
live_econ,results/v3_3_endogenous_capacity_v2/generational_live_econ/mu_0.8/crowd_0.008/born_0.8/seed_03,3,on,endogenous,0.8,0.008,0.8,0.5125798141658443,0.3205680028332058,0.3033466261788123,237,0.3031644903526015,0.15166057458161433,237,0.21,0.0326530612244898,0.3839662447257383,0.5190057580453364,0.0876874943122881,0.9838036809815951,a3bb242669f1dcd92e60af82912b52126568cf3a1658657fd1a1828272478497,2026-07-25T10:21:24.856227+00:00
live_econ,results/v3_3_endogenous_capacity_v2/generational_live_econ/mu_0.8/crowd_0.008/born_0.8/seed_04,4,on,endogenous,0.8,0.008,0.8,0.5051097488908107,0.3041362496749711,0.3179223841410807,230,0.3170435035627936,0.18035323082111018,230,0.2333333333333333,0.0336134453781512,0.4608695652173913,0.5194496310969463,0.116395137185215,0.9800834342618759,a3bb242669f1dcd92e60af82912b52126568cf3a1658657fd1a1828272478497,2026-07-25T10:21:24.856227+00:00
live_econ,results/v3_3_endogenous_capacity_v2/generational_live_econ/mu_0.8/crowd_0.008/born_0.8/seed_05,5,on,endogenous,0.8,0.008,0.8,0.5267382441771001,0.3125462064412765,0.2917530417013365,227,0.2887598972987365,0.12591898860090456,227,0.2433333333333333,0.021551724137931,0.5263157894736842,0.50581742778633,0.077688655616343,0.9818097014925373,a3bb242669f1dcd92e60af82912b52126568cf3a1658657fd1a1828272478497,2026-07-25T10:21:24.856227+00:00
live_econ,results/v3_3_endogenous_capacity_v2/generational_live_econ/mu_0.8/crowd_0.008/born_0.8/seed_06,6,on,endogenous,0.8,0.008,0.8,0.5152298860677775,0.327129355247951,0.2856646662943728,232,0.2855232805670909,0.13026417246397637,232,0.2266666666666666,0.0169491525423728,0.4827586206896552,0.5061418349380402,0.0651874976507055,0.9591449405653781,a3bb242669f1dcd92e60af82912b52126568cf3a1658657fd1a1828272478497,2026-07-25T10:21:24.856227+00:00
live_econ,results/v3_3_endogenous_capacity_v2/generational_live_econ/mu_0.8/crowd_0.008/born_0.8/seed_07,7,on,endogenous,0.8,0.008,0.8,0.5062773363125341,0.3254265650621705,0.2960157648633118,224,0.2951708124219653,0.13841183671575122,224,0.2533333333333333,0.0260869565217391,0.53125,0.5131012688955113,0.0789302608311122,0.9779633907943842,a3bb242669f1dcd92e60af82912b52126568cf3a1658657fd1a1828272478497,2026-07-25T10:21:24.856227+00:00
live_econ,results/v3_3_endogenous_capacity_v2/generational_live_econ/mu_0.8/crowd_0.008/born_0.8/seed_08,8,on,endogenous,0.8,0.008,0.8,0.5066168710564797,0.3229410281286679,0.293150944345627,232,0.2930081235275087,0.13760034896576726,232,0.2266666666666666,0.0373443983402489,0.418103448275862,0.5107533781095547,0.0755485105816994,0.9816076294277929,a3bb242669f1dcd92e60af82912b52126568cf3a1658657fd1a1828272478497,2026-07-25T10:21:24.856227+00:00
live_econ,results/v3_3_endogenous_capacity_v2/generational_live_econ/mu_0.8/crowd_0.008/born_0.8/seed_09,9,on,endogenous,0.8,0.008,0.8,0.5215093663834705,0.3320021749010982,0.3043050708723336,227,0.30761861565009857,0.1549355925035186,227,0.2433333333333333,0.0340425531914893,0.5242290748898678,0.5199303439828796,0.0886797977617876,0.9818361025063362,a3bb242669f1dcd92e60af82912b52126568cf3a1658657fd1a1828272478497,2026-07-25T10:21:24.856227+00:00
live_econ,results/v3_3_endogenous_capacity_v2/generational_live_econ/mu_0.8/crowd_0.008/born_0.8/seed_10,10,on,endogenous,0.8,0.008,0.8,0.5201885233705958,0.3323899096464001,0.3050231051158027,229,0.3044770138903672,0.14250258344796154,228,0.2366666666666666,0.0337552742616033,0.4934497816593886,0.5205910646486591,0.0894551455829463,0.9826182921782315,a3bb242669f1dcd92e60af82912b52126568cf3a1658657fd1a1828272478497,2026-07-25T10:21:24.856227+00:00
live_econ,results/v3_3_endogenous_capacity_v2/generational_live_econ/mu_0.8/crowd_0.008/born_0/seed_01,1,on,endogenous,0.8,0.008,0.0,0.5749742127876449,0.4235669767091842,0.3910486381022374,202,0.3937378978144431,0.24973531836118207,202,0.3266666666666666,0.0471698113207547,0.0,0.5831230909319082,0.1989741852725663,0.9786652078774617,a3bb242669f1dcd92e60af82912b52126568cf3a1658657fd1a1828272478497,2026-07-25T10:21:24.856227+00:00
live_econ,results/v3_3_endogenous_capacity_v2/generational_live_econ/mu_0.8/crowd_0.008/born_0/seed_02,2,on,endogenous,0.8,0.008,0.0,0.5623625192181775,0.4176689340395803,0.3733998199335021,190,0.37261967977141985,0.22749106375115022,190,0.3666666666666666,0.0821256038647343,0.0,0.5617295942306663,0.1850700456363377,0.9217149546385719,a3bb242669f1dcd92e60af82912b52126568cf3a1658657fd1a1828272478497,2026-07-25T10:21:24.856227+00:00
live_econ,results/v3_3_endogenous_capacity_v2/generational_live_econ/mu_0.8/crowd_0.008/born_0/seed_03,3,on,endogenous,0.8,0.008,0.0,0.5747488116299322,0.4437402160781835,0.4031202213717249,204,0.402243287527048,0.25191102874359983,204,0.32,0.0599078341013824,0.0,0.5840140851804045,0.2222263575630452,0.9621696801112657,a3bb242669f1dcd92e60af82912b52126568cf3a1658657fd1a1828272478497,2026-07-25T10:21:24.856227+00:00
live_econ,results/v3_3_endogenous_capacity_v2/generational_live_econ/mu_0.8/crowd_0.008/born_0/seed_04,4,on,endogenous,0.8,0.008,0.0,0.5459911769490385,0.3990017219704886,0.4396780949743117,192,0.4389978805700534,0.27674773099683525,192,0.36,0.0634146341463414,0.0,0.606106173890871,0.2732500160577524,0.9515444298052994,a3bb242669f1dcd92e60af82912b52126568cf3a1658657fd1a1828272478497,2026-07-25T10:21:24.856227+00:00
live_econ,results/v3_3_endogenous_capacity_v2/generational_live_econ/mu_0.8/crowd_0.008/born_0/seed_05,5,on,endogenous,0.8,0.008,0.0,0.555222575140163,0.4272978733843243,0.3996149857824299,182,0.3986409798276917,0.24988406735742338,182,0.3933333333333333,0.0569948186528497,0.0,0.579309373224967,0.2199205983398926,0.9772554965883244,a3bb242669f1dcd92e60af82912b52126568cf3a1658657fd1a1828272478497,2026-07-25T10:21:24.856227+00:00
live_econ,results/v3_3_endogenous_capacity_v2/generational_live_econ/mu_0.8/crowd_0.008/born_0/seed_06,6,on,endogenous,0.8,0.008,0.0,0.5747239430834158,0.4280490338395368,0.3870147093361106,182,0.3874978259645774,0.23923751298511495,181,0.3933333333333333,0.0618556701030927,0.0,0.569943062426904,0.2040863562453172,0.9833664798408968,a3bb242669f1dcd92e60af82912b52126568cf3a1658657fd1a1828272478497,2026-07-25T10:21:24.856227+00:00
live_econ,results/v3_3_endogenous_capacity_v2/generational_live_econ/mu_0.8/crowd_0.008/born_0/seed_07,7,on,endogenous,0.8,0.008,0.0,0.5426028306119648,0.4201030041571396,0.4101857831055246,199,0.4092645057545291,0.25145796807936155,199,0.3366666666666666,0.0613207547169811,0.0,0.5925769269064838,0.2277946393045653,0.9794785127957508,a3bb242669f1dcd92e60af82912b52126568cf3a1658657fd1a1828272478497,2026-07-25T10:21:24.856227+00:00
live_econ,results/v3_3_endogenous_capacity_v2/generational_live_econ/mu_0.8/crowd_0.008/born_0/seed_08,8,on,endogenous,0.8,0.008,0.0,0.5337928275705611,0.4191475467919651,0.3887766110690342,194,0.3851612841985401,0.251176308625977,194,0.3533333333333333,0.0805687203791469,0.0,0.5729025541441776,0.2046506679938907,0.9813576206062331,a3bb242669f1dcd92e60af82912b52126568cf3a1658657fd1a1828272478497,2026-07-25T10:21:24.856227+00:00
live_econ,results/v3_3_endogenous_capacity_v2/generational_live_econ/mu_0.8/crowd_0.008/born_0/seed_09,9,on,endogenous,0.8,0.008,0.0,0.5753452249693399,0.4336160747097241,0.3949138015927191,190,0.397887037966525,0.23318761164017385,190,0.3666666666666666,0.0594059405940594,0.0,0.5814009678378331,0.2084266353476052,0.980521520578071,a3bb242669f1dcd92e60af82912b52126568cf3a1658657fd1a1828272478497,2026-07-25T10:21:24.856227+00:00
live_econ,results/v3_3_endogenous_capacity_v2/generational_live_econ/mu_0.8/crowd_0.008/born_0/seed_10,10,on,endogenous,0.8,0.008,0.0,0.5428865437512311,0.4357709946804012,0.4206805534463451,197,0.41973937631512637,0.26096942136057705,197,0.3433333333333333,0.0483091787439613,0.0,0.5975846789573126,0.2437764279353776,0.982621502209131,a3bb242669f1dcd92e60af82912b52126568cf3a1658657fd1a1828272478497,2026-07-25T10:21:24.856227+00:00
