sigma,pi_reward,base_opp,seed,final_fund_prevalence,final_exit_rate,max_punish,top5_punishment_share,top10_punishment_share,enforcer_punish_share,regime_hier,condition
0.25,0.5,0.3,1,0.3148148148148148,0.8457142857142858,0.12,0.8885400313971743,0.9764521193092621,0.206436420722135,MIXED,off
0.25,0.5,0.3,2,0.234375,0.8171428571428572,0.1257142857142857,0.9090291921249152,0.978275627970129,0.2437202987101154,MIXED,off
0.25,0.5,0.3,3,0.2608695652173913,0.8028571428571428,0.1314285714285714,0.8635778635778636,0.9819819819819819,0.2908622908622909,MIXED,off
0.25,0.5,0.3,4,0.2727272727272727,0.8428571428571429,0.1085714285714285,0.9305230288836847,0.9750195160031225,0.21935987509758,MIXED,off
0.25,0.5,0.3,5,0.2533333333333333,0.7857142857142857,0.1257142857142857,0.846703733121525,0.9674344718030182,0.31215250198570293,MIXED,off
0.25,0.5,0.3,6,0.3035714285714285,0.84,0.1171428571428571,0.9032,0.956,0.1952,MIXED,off
0.25,0.5,0.3,7,0.2372881355932203,0.8314285714285714,0.1028571428571428,0.9449458483754513,0.9756317689530686,0.3312274368231047,MIXED,off
0.25,0.5,0.3,8,0.2711864406779661,0.8314285714285714,0.0885714285714285,0.9057547956630525,0.9641367806505421,0.22935779816513763,QUIET,off
0.25,0.5,0.3,9,0.3157894736842105,0.8371428571428572,0.1285714285714285,0.889741800418702,0.9678995115143056,0.3496161898115841,MIXED,off
0.25,0.5,0.3,10,0.3571428571428571,0.84,0.1257142857142857,0.8576271186440678,0.9681355932203389,0.2128813559322034,MIXED,off
0.25,0.5,0.3,11,0.2419354838709677,0.8228571428571428,0.1371428571428571,0.8847611827141774,0.9818043972706596,0.25928733889310085,MIXED,off
0.25,0.5,0.3,12,0.2567567567567567,0.7885714285714286,0.14,0.8421787709497207,0.9832402234636871,0.2723463687150838,MIXED,off
0.25,0.5,0.3,13,0.2575757575757575,0.8114285714285714,0.1228571428571428,0.8828016643550625,0.9687933425797504,0.21359223300970873,MIXED,off
0.25,0.5,0.3,14,0.2857142857142857,0.82,0.1257142857142857,0.8934659090909091,0.9730113636363636,0.26207386363636365,MIXED,off
0.25,0.5,0.3,15,0.2833333333333333,0.8285714285714286,0.1028571428571428,0.9082774049217002,0.9604772557792692,0.24757643549589858,MIXED,off
0.25,0.5,0.3,16,0.2857142857142857,0.82,0.1228571428571428,0.9045801526717557,0.9709923664122138,0.28091603053435116,MIXED,off
0.25,0.5,0.3,17,0.2535211267605634,0.7971428571428572,0.12,0.9145129224652088,0.9821073558648111,0.3108018555334659,MIXED,off
0.25,0.5,0.3,18,0.2631578947368421,0.8371428571428572,0.1057142857142857,0.8900473933649289,0.9620853080568721,0.24454976303317535,MIXED,off
0.25,0.5,0.3,19,0.2539682539682539,0.82,0.1571428571428571,0.8766617429837519,0.9675036927621861,0.2548005908419498,MIXED,off
0.25,0.5,0.3,20,0.265625,0.8171428571428572,0.1285714285714285,0.8997837058399423,0.9783705839942322,0.28262436914203315,MIXED,off
0.25,0.5,0.3,21,0.3035714285714285,0.84,0.1342857142857142,0.9009695290858726,0.9778393351800554,0.2673130193905817,MIXED,off
0.25,0.5,0.3,22,0.3275862068965517,0.8342857142857143,0.1285714285714285,0.8770604395604396,0.9739010989010989,0.2190934065934066,MIXED,off
0.25,0.5,0.3,23,0.2857142857142857,0.86,0.1428571428571428,0.9017384731670446,0.9765684051398337,0.17989417989417988,MIXED,off
0.25,0.5,0.3,24,0.2285714285714285,0.8,0.14,0.9068797776233496,0.9777623349548298,0.2599027102154274,MIXED,off
0.25,0.5,0.3,25,0.2982456140350877,0.8371428571428572,0.12,0.9014276002719238,0.9721278042148198,0.28280081577158395,MIXED,off
0.25,0.5,0.3,26,0.2622950819672131,0.8257142857142857,0.1114285714285714,0.9189388356669123,0.9756816507000737,0.2520265291083272,MIXED,off
0.25,0.5,0.3,27,0.3090909090909091,0.8428571428571429,0.1228571428571428,0.8828382838283828,0.9760726072607261,0.19636963696369636,MIXED,off
0.25,0.5,0.3,28,0.2950819672131147,0.8257142857142857,0.1057142857142857,0.8936708860759494,0.9738396624472574,0.28945147679324895,MIXED,off
0.25,0.5,0.3,29,0.2727272727272727,0.8114285714285714,0.1257142857142857,0.9077380952380952,0.9821428571428571,0.22991071428571427,MIXED,off
0.25,0.5,0.3,30,0.3015873015873015,0.82,0.1428571428571428,0.8635312259059368,0.9745566692367,0.23515805705474171,MIXED,off
0.75,0.25,0.3,1,0.1111111111111111,0.4857142857142857,0.1028571428571428,0.8561258898463844,0.938928437617085,0.658298988385163,MIXED,off
0.75,0.25,0.3,2,0.119047619047619,0.52,0.1285714285714285,0.825629462608042,0.9443818113491169,0.5144682450206689,MIXED,off
0.75,0.25,0.3,3,0.1292134831460674,0.4914285714285714,0.1228571428571428,0.8253615127919911,0.9477196885428254,0.6507230255839822,MIXED,off
0.75,0.25,0.3,4,0.1376811594202898,0.6057142857142858,0.1428571428571428,0.8213641284734753,0.9678816311800794,0.5304944063514977,MIXED,off
0.75,0.25,0.3,5,0.1346153846153846,0.5542857142857143,0.14,0.8166920731707317,0.9660823170731707,0.47065548780487804,MIXED,off
0.75,0.25,0.3,6,0.1226993865030674,0.5342857142857143,0.1171428571428571,0.854080791426216,0.9505358615004122,0.5181368507831822,MIXED,off
0.75,0.25,0.3,7,0.125,0.4971428571428571,0.1,0.7835294117647059,0.9450980392156862,0.5741176470588235,MIXED,off
0.75,0.25,0.3,8,0.1333333333333333,0.4857142857142857,0.1257142857142857,0.7818434460398332,0.9448818897637795,0.5164427975914775,MIXED,off
0.75,0.25,0.3,9,0.1404494382022472,0.4914285714285714,0.1114285714285714,0.7234242709313264,0.8984007525870179,0.5,MIXED,off
0.75,0.25,0.3,10,0.1117318435754189,0.4885714285714285,0.1228571428571428,0.8388697976326842,0.9511263841160749,0.5498281786941581,MIXED,off
0.75,0.25,0.3,11,0.1294117647058823,0.5142857142857142,0.1142857142857142,0.7954628613245518,0.9410903768752287,0.5653128430296378,MIXED,off
0.75,0.25,0.3,12,0.1463414634146341,0.5314285714285715,0.1257142857142857,0.8441514536849223,0.9560513860716701,0.5625422582826234,MIXED,off
0.75,0.25,0.3,13,0.1453488372093023,0.5085714285714286,0.1257142857142857,0.8498233215547704,0.9526501766784452,0.6636042402826855,MIXED,off
0.75,0.25,0.3,14,0.147239263803681,0.5342857142857143,0.12,0.7839481151195784,0.9428455614106201,0.5026347790839076,MIXED,off
0.75,0.25,0.3,15,0.1494252873563218,0.5028571428571429,0.16,0.7626494940202392,0.937442502299908,0.5101195952161913,MIXED,off
0.75,0.25,0.3,16,0.173076923076923,0.5542857142857143,0.1371428571428571,0.7826406767193821,0.945568223611622,0.4394998161088636,MIXED,off
0.75,0.25,0.3,17,0.1354838709677419,0.5571428571428572,0.1228571428571428,0.8555420956995761,0.9682010902483343,0.5311932162325863,MIXED,off
0.75,0.25,0.3,18,0.1311475409836065,0.4771428571428571,0.1285714285714285,0.7679164689131467,0.9307071665875652,0.608922638822971,MIXED,off
0.75,0.25,0.3,19,0.144578313253012,0.5257142857142857,0.1257142857142857,0.7538259728902492,0.934849147354613,0.445124617402711,MIXED,off
0.75,0.25,0.3,20,0.1354838709677419,0.5571428571428572,0.1314285714285714,0.8370283936211591,0.9599377674056787,0.6367172306495527,MIXED,off
0.75,0.25,0.3,21,0.1176470588235294,0.5142857142857142,0.1114285714285714,0.8608340888485947,0.9406165004533091,0.5979147778785131,MIXED,off
0.75,0.25,0.3,22,0.1510791366906475,0.6028571428571429,0.1257142857142857,0.8440295604823026,0.9595488136911707,0.49474912485414235,MIXED,off
0.75,0.25,0.3,23,0.0982658959537572,0.5057142857142857,0.1228571428571428,0.8440163023341979,0.9585031493145609,0.6154131159688774,MIXED,off
0.75,0.25,0.3,24,0.1216216216216216,0.5771428571428572,0.14,0.8192688759822344,0.9634437991117185,0.5076870515886573,MIXED,off
0.75,0.25,0.3,25,0.1569767441860465,0.5085714285714286,0.1371428571428571,0.7454212454212454,0.9336080586080586,0.48855311355311354,MIXED,off
0.75,0.25,0.3,26,0.1137724550898203,0.5228571428571429,0.1142857142857142,0.8042259594652867,0.9473911168607159,0.5894782233721432,MIXED,off
0.75,0.25,0.3,27,0.1366459627329192,0.54,0.1142857142857142,0.7756135566809506,0.9431242695753799,0.5438254772107518,MIXED,off
0.75,0.25,0.3,28,0.1428571428571428,0.54,0.1228571428571428,0.8039391226499553,0.9409131602506714,0.5214861235452104,MIXED,off
0.75,0.25,0.3,29,0.1454545454545454,0.5285714285714286,0.1285714285714285,0.7985166872682324,0.934487021013597,0.5278121137206427,MIXED,off
0.75,0.25,0.3,30,0.1413043478260869,0.4742857142857143,0.1428571428571428,0.7312696276357111,0.9282189322566173,0.5145805293853746,MIXED,off
0.95,0.5,0.3,1,0.1213592233009708,0.4114285714285714,0.1057142857142857,0.8355618776671409,0.9610241820768136,0.7689900426742532,MIXED,off
0.95,0.5,0.3,2,0.1269035532994923,0.4371428571428571,0.1142857142857142,0.8652912621359223,0.9710760517799353,0.8201860841423948,MIXED,off
0.95,0.5,0.3,3,0.1243523316062176,0.4485714285714285,0.1114285714285714,0.8553044569993723,0.9569993722536095,0.7504708097928436,MIXED,off
0.95,0.5,0.3,4,0.1655629139072847,0.5685714285714286,0.1057142857142857,0.8683697347893916,0.983814352574103,0.7381045241809673,MIXED,off
0.95,0.5,0.3,5,0.1218274111675127,0.4371428571428571,0.1228571428571428,0.8516795865633074,0.9666666666666667,0.7870801033591731,MIXED,off
0.95,0.5,0.3,6,0.1510416666666666,0.4514285714285714,0.12,0.8604591836734694,0.9650510204081633,0.7701530612244898,MIXED,off
0.95,0.5,0.3,7,0.1468926553672316,0.4942857142857143,0.1085714285714285,0.8721203573107663,0.9668547249647391,0.7790314997649271,MIXED,off
0.95,0.5,0.3,8,0.1136363636363636,0.3714285714285714,0.1057142857142857,0.8493667475074104,0.9606575047157101,0.7758016707087039,MIXED,off
0.95,0.5,0.3,9,0.146788990825688,0.3771428571428571,0.12,0.7885117493472585,0.9460400348128808,0.6791412822744416,MIXED,off
0.95,0.5,0.3,10,0.1502590673575129,0.4485714285714285,0.1114285714285714,0.8490435584235999,0.9645079511408159,0.7139893984789122,MIXED,off
0.95,0.5,0.3,11,0.1226415094339622,0.3942857142857143,0.1228571428571428,0.875970460140125,0.9700814239727324,0.8468093164173452,MIXED,off
0.95,0.5,0.3,12,0.1602209944751381,0.4828571428571429,0.1142857142857142,0.8338934229476717,0.972395583293327,0.6989918386941911,MIXED,off
0.95,0.5,0.3,13,0.1459459459459459,0.4714285714285714,0.1114285714285714,0.8652924256951102,0.9700383509108341,0.8008149568552253,MIXED,off
0.95,0.5,0.3,14,0.1612903225806451,0.4685714285714286,0.1114285714285714,0.8764551257979722,0.9793466015771686,0.8193766428839655,MIXED,off
0.95,0.5,0.3,15,0.1363636363636363,0.4342857142857143,0.1085714285714285,0.8498635122838945,0.9617834394904459,0.7934485896269335,MIXED,off
0.95,0.5,0.3,16,0.1458333333333333,0.4514285714285714,0.0942857142857142,0.8762013729977117,0.9759725400457666,0.7913043478260869,QUIET,off
0.95,0.5,0.3,17,0.1467391304347826,0.4742857142857143,0.1057142857142857,0.8536949489922866,0.972132371236626,0.7474496143319234,MIXED,off
0.95,0.5,0.3,18,0.13,0.4285714285714285,0.1285714285714285,0.8626406157489639,0.9713834616143675,0.8069863824748372,MIXED,off
0.95,0.5,0.3,19,0.1546391752577319,0.4457142857142857,0.1142857142857142,0.8513712047012733,0.9610675808031341,0.7842801175318316,MIXED,off
0.95,0.5,0.3,20,0.1458333333333333,0.4514285714285714,0.1085714285714285,0.8602460088981941,0.966762627584402,0.7647212771525779,MIXED,off
0.95,0.5,0.3,21,0.1526315789473684,0.4571428571428571,0.1142857142857142,0.8652597402597403,0.9697646103896104,0.7859172077922078,MIXED,off
0.95,0.5,0.3,22,0.1373626373626373,0.48,0.1085714285714285,0.868922305764411,0.9744360902255639,0.8025062656641604,MIXED,off
0.95,0.5,0.3,23,0.1275510204081632,0.44,0.1142857142857142,0.8853339560952825,0.9759458197104157,0.8376926669780477,MIXED,off
0.95,0.5,0.3,24,0.1538461538461538,0.5171428571428571,0.12,0.8469119579500657,0.9713096802452913,0.7330267192290846,MIXED,off
0.95,0.5,0.3,25,0.1363636363636363,0.4342857142857143,0.1057142857142857,0.8662958843159065,0.9655172413793104,0.8095661846496107,MIXED,off
0.95,0.5,0.3,26,0.1337209302325581,0.5085714285714286,0.1114285714285714,0.8954196028187059,0.983824471492633,0.8102178090967329,MIXED,off
0.95,0.5,0.3,27,0.1624365482233502,0.4371428571428571,0.12,0.838692098092643,0.9667574931880109,0.7659400544959128,MIXED,off
0.95,0.5,0.3,28,0.1286549707602339,0.5114285714285715,0.1114285714285714,0.8823400043985045,0.9698702441170002,0.7873323070156147,MIXED,off
0.95,0.5,0.3,29,0.1705882352941176,0.5142857142857142,0.0971428571428571,0.8922178988326849,0.9723735408560311,0.8031128404669261,QUIET,off
0.95,0.5,0.3,30,0.1101321585903083,0.3514285714285714,0.1142857142857142,0.8401148875059837,0.9626615605552896,0.8240785064624222,MIXED,off
