punish_floor,seed,regime_hier,final_delta,median_exit_rate,final_fund_prevalence,max_punish
0.04,1,MIXED,0.9999999999999996,0.0171428571428571,0.0988372093023255,0.1971428571428571
0.04,2,MIXED,0.9999999999999996,0.0228571428571428,0.1052631578947368,0.1771428571428571
0.04,3,MIXED,0.9999999999999996,0.0114285714285714,0.1184971098265895,0.1885714285714285
0.04,4,MIXED,0.9999999999999996,0.0085714285714285,0.100864553314121,0.1828571428571428
0.04,5,MIXED,0.9999999999999996,0.0142857142857142,0.1159420289855072,0.1914285714285714
0.04,6,MIXED,0.9999999999999996,0.0171428571428571,0.1133720930232558,0.1914285714285714
0.04,7,MIXED,0.9999999999999996,0.0171428571428571,0.1191860465116279,0.1857142857142857
0.04,8,MIXED,0.9999999999999996,0.0314285714285714,0.0943952802359882,0.18
0.04,9,MIXED,0.9999999999999996,0.0085714285714285,0.1268011527377521,0.18
0.04,10,MIXED,0.9999999999999996,0.0085714285714285,0.1095100864553314,0.1885714285714285
0.04,11,MIXED,0.9999999999999996,0.02,0.119533527696793,0.1857142857142857
0.04,12,MIXED,0.9999999999999996,0.0142857142857142,0.1217391304347826,0.1942857142857142
0.04,13,MIXED,0.9999999999999996,0.02,0.1137026239067055,0.1771428571428571
0.04,14,MIXED,0.9999999999999996,0.02,0.1049562682215743,0.18
0.04,15,MIXED,0.9999999999999996,0.0114285714285714,0.1069364161849711,0.1828571428571428
0.04,16,MIXED,0.9999999999999996,0.0114285714285714,0.1011560693641618,0.1742857142857143
0.04,17,MIXED,0.9999999999999996,0.0142857142857142,0.1043478260869565,0.1857142857142857
0.04,18,MIXED,0.9999999999999996,0.0085714285714285,0.0951008645533141,0.1828571428571428
0.04,19,MIXED,0.9999999999999996,0.0057142857142857,0.1149425287356321,0.1914285714285714
0.04,20,MIXED,0.9999999999999996,0.02,0.1049562682215743,0.1742857142857143
0.04,21,MIXED,0.9999999999999996,0.0228571428571428,0.1111111111111111,0.1857142857142857
0.04,22,MIXED,0.9999999999999996,0.0171428571428571,0.1220930232558139,0.1942857142857142
0.04,23,MIXED,0.9999999999999996,0.0142857142857142,0.1043478260869565,0.1942857142857142
0.04,24,MIXED,0.9999999999999996,0.02,0.107871720116618,0.1857142857142857
0.04,25,MIXED,0.9999999999999996,0.0171428571428571,0.1133720930232558,0.1885714285714285
0.04,26,MIXED,0.9999999999999996,0.0028571428571428,0.0916905444126074,0.1914285714285714
0.04,27,MIXED,0.9999999999999996,0.0142857142857142,0.1159420289855072,0.1942857142857142
0.04,28,MIXED,0.9999999999999996,0.0228571428571428,0.1052631578947368,0.1885714285714285
0.04,29,MIXED,0.9999999999999996,0.0228571428571428,0.1140350877192982,0.18
0.04,30,MIXED,0.9999999999999996,0.0085714285714285,0.1037463976945245,0.1942857142857142
0.06,1,MIXED,0.9999999999999996,0.0457142857142857,0.1107784431137724,0.1857142857142857
0.06,2,MIXED,0.9999999999999996,0.0314285714285714,0.1002949852507374,0.2
0.06,3,MIXED,0.9999999999999996,0.0314285714285714,0.1002949852507374,0.1828571428571428
0.06,4,MIXED,0.9999999999999996,0.0285714285714285,0.1,0.1857142857142857
0.06,5,MIXED,0.9999999999999996,0.0371428571428571,0.1068249258160237,0.1771428571428571
0.06,6,MIXED,0.9999999999999996,0.0542857142857142,0.1057401812688821,0.18
0.06,7,MIXED,0.9999999999999996,0.0514285714285714,0.1234939759036144,0.1657142857142857
0.06,8,MIXED,0.9999999999999996,0.0428571428571428,0.1014925373134328,0.18
0.06,9,MIXED,0.9999999999999996,0.04,0.1160714285714285,0.1885714285714285
0.06,10,MIXED,0.9999999999999996,0.0314285714285714,0.1091445427728613,0.1771428571428571
0.06,11,MIXED,0.9999999999999996,0.0371428571428571,0.115727002967359,0.1828571428571428
0.06,12,MIXED,0.9999999999999996,0.0342857142857142,0.1213017751479289,0.1828571428571428
0.06,13,MIXED,0.9999999999999996,0.04,0.1130952380952381,0.1857142857142857
0.06,14,MIXED,0.9999999999999996,0.0171428571428571,0.1191860465116279,0.1942857142857142
0.06,15,MIXED,0.9999999999999996,0.0314285714285714,0.103244837758112,0.18
0.06,16,MIXED,0.9999999999999996,0.04,0.119047619047619,0.1828571428571428
0.06,17,MIXED,0.9999999999999996,0.04,0.1130952380952381,0.1828571428571428
0.06,18,MIXED,0.9999999999999996,0.0285714285714285,0.1058823529411764,0.18
0.06,19,MIXED,0.9999999999999996,0.0542857142857142,0.1238670694864048,0.1828571428571428
0.06,20,MIXED,0.9999999999999996,0.0314285714285714,0.0943952802359882,0.1828571428571428
0.06,21,MIXED,0.9999999999999996,0.0428571428571428,0.0985074626865671,0.18
0.06,22,MIXED,0.9999999999999996,0.0457142857142857,0.1137724550898203,0.1857142857142857
0.06,23,MIXED,0.9999999999999996,0.0571428571428571,0.106060606060606,0.18
0.06,24,MIXED,0.9999999999999996,0.04,0.1071428571428571,0.1714285714285714
0.06,25,MIXED,0.9999999999999996,0.0514285714285714,0.108433734939759,0.1742857142857143
0.06,26,MIXED,0.9999999999999996,0.0285714285714285,0.1029411764705882,0.1771428571428571
0.06,27,MIXED,0.9999999999999996,0.0457142857142857,0.122754491017964,0.1828571428571428
0.06,28,MIXED,0.9999999999999996,0.0571428571428571,0.103030303030303,0.1742857142857143
0.06,29,MIXED,0.9999999999999996,0.04,0.0952380952380952,0.18
0.06,30,MIXED,0.9999999999999996,0.0257142857142857,0.1143695014662756,0.1828571428571428
0.08,1,MIXED,0.9999999999999996,0.0857142857142857,0.09375,0.1714285714285714
0.08,2,MIXED,0.9999999999999996,0.0628571428571428,0.1006097560975609,0.1828571428571428
0.08,3,MIXED,0.9999999999999996,0.0485714285714285,0.1051051051051051,0.1771428571428571
0.08,4,MIXED,0.9999999999999996,0.1057142857142857,0.1054313099041533,0.1542857142857142
0.08,5,MIXED,0.9999999999999996,0.0542857142857142,0.1148036253776435,0.1828571428571428
0.08,6,MIXED,0.9999999999999996,0.0914285714285714,0.1069182389937107,0.1628571428571428
0.08,7,MIXED,0.9999999999999996,0.0771428571428571,0.1207430340557275,0.1685714285714285
0.08,8,MIXED,0.9999999999999996,0.06,0.1094224924012158,0.1771428571428571
0.08,9,MIXED,0.9999999999999996,0.08,0.124223602484472,0.1685714285714285
0.08,10,MIXED,0.9999999999999996,0.0657142857142857,0.1131498470948012,0.1657142857142857
0.08,11,MIXED,0.9999999999999996,0.0657142857142857,0.1223241590214067,0.1714285714285714
0.08,12,MIXED,0.9999999999999996,0.0828571428571428,0.1246105919003115,0.1742857142857143
0.08,13,MIXED,0.9999999999999996,0.0714285714285714,0.12,0.1714285714285714
0.08,14,MIXED,0.9999999999999996,0.0657142857142857,0.1253822629969418,0.1771428571428571
0.08,15,MIXED,0.9999999999999996,0.08,0.1149068322981366,0.1714285714285714
0.08,16,MIXED,0.9999999999999996,0.0514285714285714,0.1144578313253012,0.1742857142857143
0.08,17,MIXED,0.9999999999999996,0.1142857142857142,0.1064516129032258,0.1571428571428571
0.08,18,MIXED,0.9999999999999996,0.0742857142857142,0.1018518518518518,0.18
0.08,19,MIXED,0.9999999999999996,0.0685714285714285,0.1196319018404908,0.1771428571428571
0.08,20,MIXED,0.9999999999999996,0.0971428571428571,0.0949367088607595,0.1571428571428571
0.08,21,MIXED,0.9999999999999996,0.08,0.1118012422360248,0.16
0.08,22,MIXED,0.9999999999999996,0.1057142857142857,0.1309904153354632,0.1714285714285714
0.08,23,MIXED,0.9999999999999996,0.1057142857142857,0.1022364217252396,0.1657142857142857
0.08,24,MIXED,0.9999999999999996,0.0657142857142857,0.1223241590214067,0.1685714285714285
0.08,25,MIXED,0.9999999999999996,0.0742857142857142,0.1172839506172839,0.1714285714285714
0.08,26,MIXED,0.9999999999999996,0.06,0.1003039513677811,0.1685714285714285
0.08,27,MIXED,0.9999999999999996,0.0685714285714285,0.1165644171779141,0.18
0.08,28,MIXED,0.9999999999999996,0.0771428571428571,0.0990712074303405,0.1628571428571428
0.08,29,MIXED,0.9999999999999996,0.0828571428571428,0.1090342679127725,0.1714285714285714
0.08,30,MIXED,0.9999999999999996,0.0514285714285714,0.1024096385542168,0.1914285714285714
0.1,1,MIXED,0.9999999999999996,0.1257142857142857,0.1111111111111111,0.1485714285714285
0.1,2,MIXED,0.9999999999999996,0.1114285714285714,0.112540192926045,0.1571428571428571
0.1,3,MIXED,0.9999999999999996,0.1485714285714285,0.1040268456375839,0.16
0.1,4,MIXED,0.9999999999999996,0.1857142857142857,0.1087719298245614,0.1428571428571428
0.1,5,MIXED,0.9999999999999996,0.14,0.1096345514950166,0.1571428571428571
0.1,6,MIXED,0.9999999999999996,0.1085714285714285,0.1282051282051282,0.1714285714285714
0.1,7,MIXED,0.9999999999999996,0.1028571428571428,0.1019108280254777,0.1542857142857142
0.1,8,MIXED,0.9999999999999996,0.1771428571428571,0.1041666666666666,0.1342857142857142
0.1,9,MIXED,0.9999999999999996,0.1314285714285714,0.1184210526315789,0.1542857142857142
0.1,10,MIXED,0.9999999999999996,0.12,0.1168831168831168,0.16
0.1,11,MIXED,0.9999999999999996,0.1171428571428571,0.1229773462783171,0.1514285714285714
0.1,12,MIXED,0.9999999999999996,0.1285714285714285,0.1278688524590163,0.1542857142857142
0.1,13,MIXED,0.9999999999999996,0.1371428571428571,0.1125827814569536,0.1542857142857142
0.1,14,MIXED,0.9999999999999996,0.1171428571428571,0.1229773462783171,0.1714285714285714
0.1,15,MIXED,0.9999999999999996,0.1257142857142857,0.1143790849673202,0.1571428571428571
0.1,16,MIXED,0.9999999999999996,0.1742857142857143,0.1245674740484429,0.1228571428571428
0.1,17,MIXED,0.9999999999999996,0.1314285714285714,0.1085526315789473,0.14
0.1,18,MIXED,0.9999999999999996,0.1371428571428571,0.0993377483443708,0.1542857142857142
0.1,19,MIXED,0.9999999999999996,0.1114285714285714,0.1286173633440514,0.1685714285714285
0.1,20,MIXED,0.9999999999999996,0.2028571428571428,0.1075268817204301,0.1171428571428571
0.1,21,MIXED,0.9999999999999996,0.0914285714285714,0.1163522012578616,0.1514285714285714
0.1,22,MIXED,0.9999999999999996,0.1314285714285714,0.1184210526315789,0.1571428571428571
0.1,23,MIXED,0.9999999999999996,0.1457142857142857,0.1137123745819397,0.1571428571428571
0.1,24,MIXED,0.9999999999999996,0.1342857142857142,0.1188118811881188,0.1571428571428571
0.1,25,MIXED,0.9999999999999996,0.1514285714285714,0.1111111111111111,0.1314285714285714
0.1,26,MIXED,0.9999999999999996,0.1428571428571428,0.0966666666666666,0.14
0.1,27,MIXED,0.9999999999999996,0.1,0.1047619047619047,0.1657142857142857
0.1,28,MIXED,0.9999999999999996,0.1742857142857143,0.1072664359861591,0.1228571428571428
0.1,29,MIXED,0.9999999999999996,0.1457142857142857,0.1070234113712374,0.1457142857142857
0.1,30,MIXED,0.9999999999999996,0.14,0.1063122923588039,0.1371428571428571
0.12,1,MIXED,0.47512,0.3971428571428571,0.1137440758293838,0.1142857142857142
0.12,2,MIXED,0.352,0.4485714285714285,0.1191709844559585,0.1228571428571428
0.12,3,MIXED,0.9027386763275446,0.3628571428571429,0.1345291479820627,0.1285714285714285
0.12,4,MIXED,0.8169856603603121,0.4685714285714286,0.1397849462365591,0.1142857142857142
0.12,5,MIXED,0.8169856603603121,0.4085714285714286,0.144927536231884,0.1171428571428571
0.12,6,MIXED,0.47512,0.4657142857142857,0.1497326203208556,0.1114285714285714
0.12,7,MIXED,0.352,0.4685714285714286,0.1559139784946236,0.1142857142857142
0.12,8,MIXED,0.2,0.3485714285714286,0.1052631578947368,0.1114285714285714
0.12,9,MIXED,0.5276080000000001,0.3771428571428571,0.1330275229357798,0.1142857142857142
0.12,10,MIXED,0.352,0.3742857142857143,0.1187214611872146,0.1228571428571428
0.12,11,MIXED,0.352,0.3771428571428571,0.1146788990825688,0.1171428571428571
0.12,12,MIXED,0.7966507337336801,0.46,0.1587301587301587,0.1314285714285714
0.12,13,MIXED,0.8517583848918527,0.4057142857142857,0.125,0.14
0.12,14,MIXED,0.9999956249948104,0.2457142857142857,0.1212121212121212,0.1257142857142857
0.12,15,MIXED,0.6900636088000002,0.3714285714285714,0.1227272727272727,0.1314285714285714
0.12,16,MIXED,0.28,0.4285714285714285,0.145,0.1228571428571428
0.12,17,MIXED,0.5748472000000001,0.4714285714285714,0.1459459459459459,0.1171428571428571
0.12,18,MIXED,0.5748472000000001,0.3971428571428571,0.1090047393364928,0.12
0.12,19,MIXED,0.6556262320000001,0.4371428571428571,0.1522842639593908,0.1257142857142857
0.12,20,QUIET,0.2,0.4514285714285714,0.1197916666666666,0.0942857142857142
0.12,21,MIXED,0.47512,0.4485714285714285,0.160621761658031,0.1171428571428571
0.12,22,MIXED,0.9999999999994608,0.24,0.1203007518796992,0.1228571428571428
0.12,23,MIXED,0.5276080000000001,0.38,0.1105990783410138,0.1114285714285714
0.12,24,MIXED,0.9999999999999996,0.2028571428571428,0.1218637992831541,0.1428571428571428
0.12,25,MIXED,0.2,0.4085714285714286,0.1207729468599033,0.1057142857142857
0.12,26,MIXED,0.9999999982014428,0.2028571428571428,0.1003584229390681,0.1257142857142857
0.12,27,MIXED,0.9999999281484006,0.2028571428571428,0.1290322580645161,0.1285714285714285
0.12,28,MIXED,0.2,0.4457142857142857,0.1134020618556701,0.1114285714285714
0.12,29,MIXED,0.4168,0.4971428571428571,0.1477272727272727,0.1171428571428571
0.12,30,MIXED,0.5748472000000001,0.3571428571428571,0.12,0.1142857142857142
0.15,1,MIXED,0.2,0.4028571428571428,0.1148325358851674,0.1142857142857142
0.15,2,MIXED,0.2,0.4514285714285714,0.1197916666666666,0.1228571428571428
0.15,3,MIXED,0.2,0.4685714285714286,0.1344086021505376,0.1142857142857142
0.15,4,MIXED,0.2,0.5542857142857143,0.1538461538461538,0.1114285714285714
0.15,5,MIXED,0.2,0.44,0.1173469387755102,0.1171428571428571
0.15,6,MIXED,0.2,0.4485714285714285,0.1398963730569948,0.1114285714285714
0.15,7,MIXED,0.2,0.5,0.16,0.1142857142857142
0.15,8,MIXED,0.2,0.3485714285714286,0.1052631578947368,0.1114285714285714
0.15,9,MIXED,0.2,0.3657142857142857,0.1306306306306306,0.1142857142857142
0.15,10,MIXED,0.2,0.3914285714285714,0.1408450704225352,0.1228571428571428
0.15,11,MIXED,0.2,0.3771428571428571,0.0963302752293578,0.12
0.15,12,MIXED,0.2,0.4857142857142857,0.1555555555555555,0.1314285714285714
0.15,13,MIXED,0.2,0.4457142857142857,0.1391752577319587,0.1171428571428571
0.15,14,MIXED,0.2,0.4171428571428571,0.1470588235294117,0.12
0.15,15,MIXED,0.2,0.3857142857142857,0.1162790697674418,0.1314285714285714
0.15,16,MIXED,0.2,0.4342857142857143,0.1515151515151515,0.1228571428571428
0.15,17,MIXED,0.2,0.5057142857142857,0.1560693641618497,0.1171428571428571
0.15,18,MIXED,0.2,0.4228571428571429,0.1089108910891089,0.12
0.15,19,MIXED,0.2,0.44,0.1581632653061224,0.1257142857142857
0.15,20,QUIET,0.2,0.4514285714285714,0.1197916666666666,0.0942857142857142
0.15,21,MIXED,0.2,0.4628571428571428,0.1595744680851064,0.1171428571428571
0.15,22,MIXED,0.2,0.48,0.1318681318681318,0.1314285714285714
0.15,23,MIXED,0.2,0.3771428571428571,0.1146788990825688,0.1114285714285714
0.15,24,MIXED,0.2,0.56,0.1493506493506493,0.12
0.15,25,MIXED,0.2,0.4085714285714286,0.1207729468599033,0.1057142857142857
0.15,26,MIXED,0.2,0.42,0.1034482758620689,0.1171428571428571
0.15,27,MIXED,0.2,0.44,0.1377551020408163,0.1285714285714285
0.15,28,MIXED,0.2,0.4457142857142857,0.1134020618556701,0.1114285714285714
0.15,29,MIXED,0.2,0.5085714285714286,0.1453488372093023,0.1085714285714285
0.15,30,MIXED,0.2,0.3628571428571429,0.1031390134529148,0.1228571428571428
