t,fund_prevalence,exit_rate,punish_rate,enforcer_punish_share_step,sigma,pi_reward,base_opp,exit_threshold,seed,regime,regime_column
0,0.0085714285714285,0.0,0.0,0.0,0.75,0.5,1.5,1.5,1,QUIET,regime_hier
1,0.0085714285714285,0.0,0.0257142857142857,1.0,0.75,0.5,1.5,1.5,1,QUIET,regime_hier
2,0.0114285714285714,0.0,0.0114285714285714,0.75,0.75,0.5,1.5,1.5,1,QUIET,regime_hier
3,0.0114285714285714,0.0,0.02,0.8571428571428571,0.75,0.5,1.5,1.5,1,QUIET,regime_hier
4,0.0114285714285714,0.0,0.0228571428571428,0.75,0.75,0.5,1.5,1.5,1,QUIET,regime_hier
5,0.0114285714285714,0.0,0.0171428571428571,1.0,0.75,0.5,1.5,1.5,1,QUIET,regime_hier
6,0.0114285714285714,0.0,0.0342857142857142,0.9166666666666666,0.75,0.5,1.5,1.5,1,QUIET,regime_hier
7,0.0114285714285714,0.0,0.0171428571428571,1.0,0.75,0.5,1.5,1.5,1,QUIET,regime_hier
8,0.0114285714285714,0.0,0.02,0.8571428571428571,0.75,0.5,1.5,1.5,1,QUIET,regime_hier
9,0.0114285714285714,0.0,0.0257142857142857,1.0,0.75,0.5,1.5,1.5,1,QUIET,regime_hier
10,0.0142857142857142,0.0,0.0428571428571428,1.0,0.75,0.5,1.5,1.5,1,QUIET,regime_hier
11,0.02,0.0,0.0342857142857142,1.0,0.75,0.5,1.5,1.5,1,QUIET,regime_hier
12,0.0225806451612903,0.1142857142857142,0.0285714285714285,1.0,0.75,0.5,1.5,1.5,1,QUIET,regime_hier
13,0.0207612456747404,0.1742857142857143,0.04,1.0,0.75,0.5,1.5,1.5,1,QUIET,regime_hier
14,0.0234375,0.2685714285714285,0.0228571428571428,1.0,0.75,0.5,1.5,1.5,1,QUIET,regime_hier
15,0.025531914893617,0.3285714285714285,0.0314285714285714,1.0,0.75,0.5,1.5,1.5,1,QUIET,regime_hier
16,0.0353535353535353,0.4342857142857143,0.0514285714285714,1.0,0.75,0.5,1.5,1.5,1,QUIET,regime_hier
17,0.0374331550802139,0.4657142857142857,0.04,1.0,0.75,0.5,1.5,1.5,1,QUIET,regime_hier
18,0.0404624277456647,0.5057142857142857,0.04,1.0,0.75,0.5,1.5,1.5,1,QUIET,regime_hier
19,0.0432098765432098,0.5371428571428571,0.0457142857142857,1.0,0.75,0.5,1.5,1.5,1,QUIET,regime_hier
20,0.0519480519480519,0.56,0.0542857142857142,1.0,0.75,0.5,1.5,1.5,1,QUIET,regime_hier
21,0.0544217687074829,0.58,0.0428571428571428,1.0,0.75,0.5,1.5,1.5,1,QUIET,regime_hier
22,0.0551724137931034,0.5857142857142857,0.0571428571428571,1.0,0.75,0.5,1.5,1.5,1,QUIET,regime_hier
23,0.0555555555555555,0.5885714285714285,0.0314285714285714,1.0,0.75,0.5,1.5,1.5,1,QUIET,regime_hier
24,0.0567375886524822,0.5971428571428572,0.04,0.9444444444444444,0.75,0.5,1.5,1.5,1,QUIET,regime_hier
25,0.0575539568345323,0.6028571428571429,0.04,1.0,0.75,0.5,1.5,1.5,1,QUIET,regime_hier
26,0.0579710144927536,0.6057142857142858,0.0285714285714285,1.0,0.75,0.5,1.5,1.5,1,QUIET,regime_hier
27,0.0661764705882353,0.6114285714285714,0.0342857142857142,1.0,0.75,0.5,1.5,1.5,1,QUIET,regime_hier
28,0.0666666666666666,0.6142857142857143,0.0342857142857142,1.0,0.75,0.5,1.5,1.5,1,QUIET,regime_hier
29,0.0671641791044776,0.6171428571428571,0.0285714285714285,1.0,0.75,0.5,1.5,1.5,1,QUIET,regime_hier
30,0.0681818181818181,0.6228571428571429,0.0285714285714285,1.0,0.75,0.5,1.5,1.5,1,QUIET,regime_hier
31,0.0687022900763358,0.6257142857142857,0.0257142857142857,1.0,0.75,0.5,1.5,1.5,1,QUIET,regime_hier
32,0.0687022900763358,0.6257142857142857,0.0228571428571428,1.0,0.75,0.5,1.5,1.5,1,QUIET,regime_hier
33,0.0687022900763358,0.6257142857142857,0.0228571428571428,1.0,0.75,0.5,1.5,1.5,1,QUIET,regime_hier
34,0.0692307692307692,0.6285714285714286,0.0257142857142857,0.9090909090909092,0.75,0.5,1.5,1.5,1,QUIET,regime_hier
35,0.0692307692307692,0.6285714285714286,0.0257142857142857,1.0,0.75,0.5,1.5,1.5,1,QUIET,regime_hier
36,0.0703125,0.6342857142857142,0.02,1.0,0.75,0.5,1.5,1.5,1,QUIET,regime_hier
37,0.0703125,0.6342857142857142,0.0171428571428571,0.8,0.75,0.5,1.5,1.5,1,QUIET,regime_hier
38,0.0703125,0.6342857142857142,0.0228571428571428,1.0,0.75,0.5,1.5,1.5,1,QUIET,regime_hier
39,0.0703125,0.6342857142857142,0.0257142857142857,0.9230769230769232,0.75,0.5,1.5,1.5,1,QUIET,regime_hier
40,0.0708661417322834,0.6371428571428571,0.0314285714285714,0.875,0.75,0.5,1.5,1.5,1,QUIET,regime_hier
41,0.072,0.6428571428571429,0.02,1.0,0.75,0.5,1.5,1.5,1,QUIET,regime_hier
42,0.072,0.6428571428571429,0.0171428571428571,1.0,0.75,0.5,1.5,1.5,1,QUIET,regime_hier
43,0.0725806451612903,0.6457142857142857,0.02,1.0,0.75,0.5,1.5,1.5,1,QUIET,regime_hier
44,0.0725806451612903,0.6457142857142857,0.0114285714285714,1.0,0.75,0.5,1.5,1.5,1,QUIET,regime_hier
45,0.0725806451612903,0.6457142857142857,0.0142857142857142,1.0,0.75,0.5,1.5,1.5,1,QUIET,regime_hier
46,0.073170731707317,0.6485714285714286,0.0171428571428571,1.0,0.75,0.5,1.5,1.5,1,QUIET,regime_hier
47,0.073170731707317,0.6485714285714286,0.02,0.8571428571428571,0.75,0.5,1.5,1.5,1,QUIET,regime_hier
48,0.073170731707317,0.6485714285714286,0.0114285714285714,1.0,0.75,0.5,1.5,1.5,1,QUIET,regime_hier
49,0.0737704918032786,0.6514285714285715,0.0114285714285714,1.0,0.75,0.5,1.5,1.5,1,QUIET,regime_hier
50,0.0737704918032786,0.6514285714285715,0.0142857142857142,1.0,0.75,0.5,1.5,1.5,1,QUIET,regime_hier
51,0.0737704918032786,0.6514285714285715,0.0114285714285714,1.0,0.75,0.5,1.5,1.5,1,QUIET,regime_hier
52,0.0737704918032786,0.6514285714285715,0.0085714285714285,1.0,0.75,0.5,1.5,1.5,1,QUIET,regime_hier
53,0.0737704918032786,0.6514285714285715,0.0057142857142857,1.0,0.75,0.5,1.5,1.5,1,QUIET,regime_hier
54,0.0737704918032786,0.6514285714285715,0.0171428571428571,0.8333333333333334,0.75,0.5,1.5,1.5,1,QUIET,regime_hier
55,0.0743801652892562,0.6542857142857142,0.0114285714285714,1.0,0.75,0.5,1.5,1.5,1,QUIET,regime_hier
56,0.0743801652892562,0.6542857142857142,0.0085714285714285,1.0,0.75,0.5,1.5,1.5,1,QUIET,regime_hier
57,0.075,0.6571428571428571,0.0057142857142857,1.0,0.75,0.5,1.5,1.5,1,QUIET,regime_hier
58,0.075,0.6571428571428571,0.0085714285714285,1.0,0.75,0.5,1.5,1.5,1,QUIET,regime_hier
59,0.075,0.6571428571428571,0.0057142857142857,1.0,0.75,0.5,1.5,1.5,1,QUIET,regime_hier
60,0.075,0.6571428571428571,0.0057142857142857,1.0,0.75,0.5,1.5,1.5,1,QUIET,regime_hier
61,0.075,0.6571428571428571,0.0085714285714285,1.0,0.75,0.5,1.5,1.5,1,QUIET,regime_hier
62,0.075,0.6571428571428571,0.0028571428571428,1.0,0.75,0.5,1.5,1.5,1,QUIET,regime_hier
63,0.075,0.6571428571428571,0.0057142857142857,0.5,0.75,0.5,1.5,1.5,1,QUIET,regime_hier
64,0.075,0.6571428571428571,0.0028571428571428,1.0,0.75,0.5,1.5,1.5,1,QUIET,regime_hier
65,0.075,0.6571428571428571,0.0085714285714285,1.0,0.75,0.5,1.5,1.5,1,QUIET,regime_hier
66,0.075,0.6571428571428571,0.0057142857142857,1.0,0.75,0.5,1.5,1.5,1,QUIET,regime_hier
67,0.075,0.6571428571428571,0.0057142857142857,1.0,0.75,0.5,1.5,1.5,1,QUIET,regime_hier
68,0.075,0.6571428571428571,0.0057142857142857,0.5,0.75,0.5,1.5,1.5,1,QUIET,regime_hier
69,0.075,0.6571428571428571,0.0057142857142857,1.0,0.75,0.5,1.5,1.5,1,QUIET,regime_hier
70,0.075,0.6571428571428571,0.0028571428571428,1.0,0.75,0.5,1.5,1.5,1,QUIET,regime_hier
71,0.075,0.6571428571428571,0.0085714285714285,1.0,0.75,0.5,1.5,1.5,1,QUIET,regime_hier
72,0.075,0.6571428571428571,0.0085714285714285,1.0,0.75,0.5,1.5,1.5,1,QUIET,regime_hier
73,0.075,0.6571428571428571,0.0114285714285714,1.0,0.75,0.5,1.5,1.5,1,QUIET,regime_hier
74,0.075,0.6571428571428571,0.0085714285714285,1.0,0.75,0.5,1.5,1.5,1,QUIET,regime_hier
75,0.075,0.6571428571428571,0.0028571428571428,1.0,0.75,0.5,1.5,1.5,1,QUIET,regime_hier
76,0.075,0.6571428571428571,0.0057142857142857,1.0,0.75,0.5,1.5,1.5,1,QUIET,regime_hier
77,0.075,0.6571428571428571,0.0028571428571428,1.0,0.75,0.5,1.5,1.5,1,QUIET,regime_hier
78,0.075,0.6571428571428571,0.0114285714285714,1.0,0.75,0.5,1.5,1.5,1,QUIET,regime_hier
79,0.075,0.6571428571428571,0.0114285714285714,1.0,0.75,0.5,1.5,1.5,1,QUIET,regime_hier
80,0.075,0.6571428571428571,0.0085714285714285,1.0,0.75,0.5,1.5,1.5,1,QUIET,regime_hier
81,0.075,0.6571428571428571,0.0028571428571428,1.0,0.75,0.5,1.5,1.5,1,QUIET,regime_hier
82,0.075,0.6571428571428571,0.0085714285714285,1.0,0.75,0.5,1.5,1.5,1,QUIET,regime_hier
83,0.075,0.6571428571428571,0.0028571428571428,1.0,0.75,0.5,1.5,1.5,1,QUIET,regime_hier
84,0.075,0.6571428571428571,0.0085714285714285,0.6666666666666666,0.75,0.5,1.5,1.5,1,QUIET,regime_hier
85,0.075,0.6571428571428571,0.0085714285714285,1.0,0.75,0.5,1.5,1.5,1,QUIET,regime_hier
86,0.075,0.6571428571428571,0.0085714285714285,1.0,0.75,0.5,1.5,1.5,1,QUIET,regime_hier
87,0.075,0.6571428571428571,0.0057142857142857,1.0,0.75,0.5,1.5,1.5,1,QUIET,regime_hier
88,0.075,0.6571428571428571,0.0085714285714285,1.0,0.75,0.5,1.5,1.5,1,QUIET,regime_hier
89,0.075,0.6571428571428571,0.0085714285714285,1.0,0.75,0.5,1.5,1.5,1,QUIET,regime_hier
90,0.075,0.6571428571428571,0.0057142857142857,1.0,0.75,0.5,1.5,1.5,1,QUIET,regime_hier
91,0.075,0.6571428571428571,0.0057142857142857,1.0,0.75,0.5,1.5,1.5,1,QUIET,regime_hier
92,0.0756302521008403,0.66,0.0,0.0,0.75,0.5,1.5,1.5,1,QUIET,regime_hier
93,0.0756302521008403,0.66,0.0114285714285714,1.0,0.75,0.5,1.5,1.5,1,QUIET,regime_hier
94,0.0756302521008403,0.66,0.0114285714285714,0.75,0.75,0.5,1.5,1.5,1,QUIET,regime_hier
95,0.0756302521008403,0.66,0.0028571428571428,1.0,0.75,0.5,1.5,1.5,1,QUIET,regime_hier
96,0.0756302521008403,0.66,0.0114285714285714,1.0,0.75,0.5,1.5,1.5,1,QUIET,regime_hier
97,0.0756302521008403,0.66,0.0085714285714285,1.0,0.75,0.5,1.5,1.5,1,QUIET,regime_hier
98,0.0762711864406779,0.6628571428571428,0.0057142857142857,1.0,0.75,0.5,1.5,1.5,1,QUIET,regime_hier
99,0.0762711864406779,0.6628571428571428,0.0085714285714285,0.75,0.75,0.5,1.5,1.5,1,QUIET,regime_hier
100,0.0762711864406779,0.6628571428571428,0.0085714285714285,0.6666666666666666,0.75,0.5,1.5,1.5,1,QUIET,regime_hier
101,0.0762711864406779,0.6628571428571428,0.0085714285714285,1.0,0.75,0.5,1.5,1.5,1,QUIET,regime_hier
102,0.0762711864406779,0.6628571428571428,0.0114285714285714,0.75,0.75,0.5,1.5,1.5,1,QUIET,regime_hier
103,0.0762711864406779,0.6628571428571428,0.0085714285714285,1.0,0.75,0.5,1.5,1.5,1,QUIET,regime_hier
104,0.0769230769230769,0.6657142857142857,0.0028571428571428,1.0,0.75,0.5,1.5,1.5,1,QUIET,regime_hier
105,0.0769230769230769,0.6657142857142857,0.0085714285714285,1.0,0.75,0.5,1.5,1.5,1,QUIET,regime_hier
106,0.0769230769230769,0.6657142857142857,0.0057142857142857,0.5,0.75,0.5,1.5,1.5,1,QUIET,regime_hier
107,0.0769230769230769,0.6657142857142857,0.0085714285714285,1.0,0.75,0.5,1.5,1.5,1,QUIET,regime_hier
108,0.0769230769230769,0.6657142857142857,0.0057142857142857,1.0,0.75,0.5,1.5,1.5,1,QUIET,regime_hier
109,0.0769230769230769,0.6657142857142857,0.0028571428571428,1.0,0.75,0.5,1.5,1.5,1,QUIET,regime_hier
110,0.0769230769230769,0.6657142857142857,0.0085714285714285,1.0,0.75,0.5,1.5,1.5,1,QUIET,regime_hier
111,0.0769230769230769,0.6657142857142857,0.0057142857142857,1.0,0.75,0.5,1.5,1.5,1,QUIET,regime_hier
112,0.0769230769230769,0.6657142857142857,0.0028571428571428,1.0,0.75,0.5,1.5,1.5,1,QUIET,regime_hier
113,0.0769230769230769,0.6657142857142857,0.0085714285714285,1.0,0.75,0.5,1.5,1.5,1,QUIET,regime_hier
114,0.0769230769230769,0.6657142857142857,0.0057142857142857,1.0,0.75,0.5,1.5,1.5,1,QUIET,regime_hier
115,0.0769230769230769,0.6657142857142857,0.0085714285714285,1.0,0.75,0.5,1.5,1.5,1,QUIET,regime_hier
116,0.0769230769230769,0.6657142857142857,0.0057142857142857,1.0,0.75,0.5,1.5,1.5,1,QUIET,regime_hier
117,0.0769230769230769,0.6657142857142857,0.0085714285714285,1.0,0.75,0.5,1.5,1.5,1,QUIET,regime_hier
118,0.0769230769230769,0.6657142857142857,0.0057142857142857,0.5,0.75,0.5,1.5,1.5,1,QUIET,regime_hier
119,0.0769230769230769,0.6657142857142857,0.0085714285714285,1.0,0.75,0.5,1.5,1.5,1,QUIET,regime_hier
120,0.0769230769230769,0.6657142857142857,0.0114285714285714,1.0,0.75,0.5,1.5,1.5,1,QUIET,regime_hier
121,0.0769230769230769,0.6657142857142857,0.0085714285714285,1.0,0.75,0.5,1.5,1.5,1,QUIET,regime_hier
122,0.0769230769230769,0.6657142857142857,0.0085714285714285,1.0,0.75,0.5,1.5,1.5,1,QUIET,regime_hier
123,0.0769230769230769,0.6657142857142857,0.0057142857142857,1.0,0.75,0.5,1.5,1.5,1,QUIET,regime_hier
124,0.0769230769230769,0.6657142857142857,0.0085714285714285,1.0,0.75,0.5,1.5,1.5,1,QUIET,regime_hier
125,0.0769230769230769,0.6657142857142857,0.0114285714285714,1.0,0.75,0.5,1.5,1.5,1,QUIET,regime_hier
126,0.0769230769230769,0.6657142857142857,0.0114285714285714,1.0,0.75,0.5,1.5,1.5,1,QUIET,regime_hier
127,0.0769230769230769,0.6657142857142857,0.0057142857142857,1.0,0.75,0.5,1.5,1.5,1,QUIET,regime_hier
128,0.0769230769230769,0.6657142857142857,0.0028571428571428,1.0,0.75,0.5,1.5,1.5,1,QUIET,regime_hier
129,0.0769230769230769,0.6657142857142857,0.0114285714285714,1.0,0.75,0.5,1.5,1.5,1,QUIET,regime_hier
130,0.0769230769230769,0.6657142857142857,0.0114285714285714,1.0,0.75,0.5,1.5,1.5,1,QUIET,regime_hier
131,0.0769230769230769,0.6657142857142857,0.0142857142857142,0.8,0.75,0.5,1.5,1.5,1,QUIET,regime_hier
132,0.0769230769230769,0.6657142857142857,0.0085714285714285,1.0,0.75,0.5,1.5,1.5,1,QUIET,regime_hier
133,0.0769230769230769,0.6657142857142857,0.0057142857142857,1.0,0.75,0.5,1.5,1.5,1,QUIET,regime_hier
134,0.0775862068965517,0.6685714285714286,0.0142857142857142,0.8,0.75,0.5,1.5,1.5,1,QUIET,regime_hier
135,0.0775862068965517,0.6685714285714286,0.0057142857142857,0.6666666666666666,0.75,0.5,1.5,1.5,1,QUIET,regime_hier
136,0.0775862068965517,0.6685714285714286,0.0085714285714285,1.0,0.75,0.5,1.5,1.5,1,QUIET,regime_hier
137,0.0775862068965517,0.6685714285714286,0.0057142857142857,1.0,0.75,0.5,1.5,1.5,1,QUIET,regime_hier
138,0.0775862068965517,0.6685714285714286,0.0028571428571428,1.0,0.75,0.5,1.5,1.5,1,QUIET,regime_hier
139,0.0782608695652174,0.6714285714285714,0.0142857142857142,0.8,0.75,0.5,1.5,1.5,1,QUIET,regime_hier
140,0.0789473684210526,0.6742857142857143,0.0057142857142857,1.0,0.75,0.5,1.5,1.5,1,QUIET,regime_hier
141,0.079646017699115,0.6771428571428572,0.0085714285714285,1.0,0.75,0.5,1.5,1.5,1,QUIET,regime_hier
142,0.079646017699115,0.6771428571428572,0.0085714285714285,0.6666666666666666,0.75,0.5,1.5,1.5,1,QUIET,regime_hier
143,0.079646017699115,0.6771428571428572,0.0028571428571428,1.0,0.75,0.5,1.5,1.5,1,QUIET,regime_hier
144,0.079646017699115,0.6771428571428572,0.0057142857142857,1.0,0.75,0.5,1.5,1.5,1,QUIET,regime_hier
145,0.079646017699115,0.6771428571428572,0.0085714285714285,1.0,0.75,0.5,1.5,1.5,1,QUIET,regime_hier
146,0.079646017699115,0.6771428571428572,0.0057142857142857,0.5,0.75,0.5,1.5,1.5,1,QUIET,regime_hier
147,0.079646017699115,0.6771428571428572,0.0057142857142857,1.0,0.75,0.5,1.5,1.5,1,QUIET,regime_hier
148,0.079646017699115,0.6771428571428572,0.0114285714285714,1.0,0.75,0.5,1.5,1.5,1,QUIET,regime_hier
149,0.079646017699115,0.6771428571428572,0.0057142857142857,1.0,0.75,0.5,1.5,1.5,1,QUIET,regime_hier
150,0.079646017699115,0.6771428571428572,0.0028571428571428,1.0,0.75,0.5,1.5,1.5,1,QUIET,regime_hier
151,0.079646017699115,0.6771428571428572,0.0085714285714285,1.0,0.75,0.5,1.5,1.5,1,QUIET,regime_hier
152,0.079646017699115,0.6771428571428572,0.0028571428571428,1.0,0.75,0.5,1.5,1.5,1,QUIET,regime_hier
153,0.079646017699115,0.6771428571428572,0.0085714285714285,1.0,0.75,0.5,1.5,1.5,1,QUIET,regime_hier
154,0.079646017699115,0.6771428571428572,0.0114285714285714,1.0,0.75,0.5,1.5,1.5,1,QUIET,regime_hier
155,0.079646017699115,0.6771428571428572,0.0085714285714285,1.0,0.75,0.5,1.5,1.5,1,QUIET,regime_hier
156,0.079646017699115,0.6771428571428572,0.0057142857142857,1.0,0.75,0.5,1.5,1.5,1,QUIET,regime_hier
157,0.079646017699115,0.6771428571428572,0.0057142857142857,1.0,0.75,0.5,1.5,1.5,1,QUIET,regime_hier
158,0.079646017699115,0.6771428571428572,0.0,0.0,0.75,0.5,1.5,1.5,1,QUIET,regime_hier
159,0.079646017699115,0.6771428571428572,0.0085714285714285,0.6666666666666666,0.75,0.5,1.5,1.5,1,QUIET,regime_hier
160,0.079646017699115,0.6771428571428572,0.0114285714285714,1.0,0.75,0.5,1.5,1.5,1,QUIET,regime_hier
161,0.0803571428571428,0.68,0.0114285714285714,0.75,0.75,0.5,1.5,1.5,1,QUIET,regime_hier
162,0.0803571428571428,0.68,0.0,0.0,0.75,0.5,1.5,1.5,1,QUIET,regime_hier
163,0.0803571428571428,0.68,0.0028571428571428,1.0,0.75,0.5,1.5,1.5,1,QUIET,regime_hier
164,0.0803571428571428,0.68,0.0057142857142857,1.0,0.75,0.5,1.5,1.5,1,QUIET,regime_hier
165,0.0803571428571428,0.68,0.0057142857142857,1.0,0.75,0.5,1.5,1.5,1,QUIET,regime_hier
166,0.0803571428571428,0.68,0.0057142857142857,1.0,0.75,0.5,1.5,1.5,1,QUIET,regime_hier
167,0.0803571428571428,0.68,0.0085714285714285,0.6666666666666666,0.75,0.5,1.5,1.5,1,QUIET,regime_hier
168,0.0803571428571428,0.68,0.0028571428571428,1.0,0.75,0.5,1.5,1.5,1,QUIET,regime_hier
169,0.0803571428571428,0.68,0.0057142857142857,1.0,0.75,0.5,1.5,1.5,1,QUIET,regime_hier
170,0.0803571428571428,0.68,0.0028571428571428,1.0,0.75,0.5,1.5,1.5,1,QUIET,regime_hier
171,0.0803571428571428,0.68,0.0057142857142857,1.0,0.75,0.5,1.5,1.5,1,QUIET,regime_hier
172,0.0803571428571428,0.68,0.0085714285714285,1.0,0.75,0.5,1.5,1.5,1,QUIET,regime_hier
173,0.0803571428571428,0.68,0.0057142857142857,1.0,0.75,0.5,1.5,1.5,1,QUIET,regime_hier
174,0.0803571428571428,0.68,0.0028571428571428,1.0,0.75,0.5,1.5,1.5,1,QUIET,regime_hier
175,0.0803571428571428,0.68,0.0057142857142857,1.0,0.75,0.5,1.5,1.5,1,QUIET,regime_hier
176,0.0803571428571428,0.68,0.0028571428571428,0.0,0.75,0.5,1.5,1.5,1,QUIET,regime_hier
177,0.0803571428571428,0.68,0.0,0.0,0.75,0.5,1.5,1.5,1,QUIET,regime_hier
178,0.0803571428571428,0.68,0.0057142857142857,1.0,0.75,0.5,1.5,1.5,1,QUIET,regime_hier
179,0.0803571428571428,0.68,0.0057142857142857,1.0,0.75,0.5,1.5,1.5,1,QUIET,regime_hier
180,0.0803571428571428,0.68,0.0028571428571428,1.0,0.75,0.5,1.5,1.5,1,QUIET,regime_hier
181,0.0803571428571428,0.68,0.0028571428571428,1.0,0.75,0.5,1.5,1.5,1,QUIET,regime_hier
182,0.0803571428571428,0.68,0.0085714285714285,1.0,0.75,0.5,1.5,1.5,1,QUIET,regime_hier
183,0.0803571428571428,0.68,0.0028571428571428,1.0,0.75,0.5,1.5,1.5,1,QUIET,regime_hier
184,0.0803571428571428,0.68,0.0028571428571428,1.0,0.75,0.5,1.5,1.5,1,QUIET,regime_hier
185,0.0803571428571428,0.68,0.0028571428571428,1.0,0.75,0.5,1.5,1.5,1,QUIET,regime_hier
186,0.0803571428571428,0.68,0.0028571428571428,1.0,0.75,0.5,1.5,1.5,1,QUIET,regime_hier
187,0.0803571428571428,0.68,0.0057142857142857,1.0,0.75,0.5,1.5,1.5,1,QUIET,regime_hier
188,0.0803571428571428,0.68,0.0057142857142857,1.0,0.75,0.5,1.5,1.5,1,QUIET,regime_hier
189,0.0803571428571428,0.68,0.0057142857142857,0.5,0.75,0.5,1.5,1.5,1,QUIET,regime_hier
190,0.0803571428571428,0.68,0.0057142857142857,0.5,0.75,0.5,1.5,1.5,1,QUIET,regime_hier
191,0.0803571428571428,0.68,0.0057142857142857,1.0,0.75,0.5,1.5,1.5,1,QUIET,regime_hier
192,0.0803571428571428,0.68,0.0057142857142857,1.0,0.75,0.5,1.5,1.5,1,QUIET,regime_hier
193,0.0803571428571428,0.68,0.0028571428571428,1.0,0.75,0.5,1.5,1.5,1,QUIET,regime_hier
194,0.0803571428571428,0.68,0.0057142857142857,1.0,0.75,0.5,1.5,1.5,1,QUIET,regime_hier
195,0.0803571428571428,0.68,0.0028571428571428,1.0,0.75,0.5,1.5,1.5,1,QUIET,regime_hier
196,0.0803571428571428,0.68,0.0057142857142857,1.0,0.75,0.5,1.5,1.5,1,QUIET,regime_hier
197,0.0803571428571428,0.68,0.0085714285714285,0.3333333333333333,0.75,0.5,1.5,1.5,1,QUIET,regime_hier
198,0.0803571428571428,0.68,0.0057142857142857,1.0,0.75,0.5,1.5,1.5,1,QUIET,regime_hier
199,0.0803571428571428,0.68,0.0057142857142857,1.0,0.75,0.5,1.5,1.5,1,QUIET,regime_hier
200,0.0803571428571428,0.68,0.0057142857142857,1.0,0.75,0.5,1.5,1.5,1,QUIET,regime_hier
201,0.0803571428571428,0.68,0.0028571428571428,1.0,0.75,0.5,1.5,1.5,1,QUIET,regime_hier
202,0.0803571428571428,0.68,0.0028571428571428,1.0,0.75,0.5,1.5,1.5,1,QUIET,regime_hier
203,0.0803571428571428,0.68,0.0085714285714285,0.6666666666666666,0.75,0.5,1.5,1.5,1,QUIET,regime_hier
204,0.0803571428571428,0.68,0.0085714285714285,0.6666666666666666,0.75,0.5,1.5,1.5,1,QUIET,regime_hier
205,0.0803571428571428,0.68,0.0028571428571428,1.0,0.75,0.5,1.5,1.5,1,QUIET,regime_hier
206,0.0803571428571428,0.68,0.0057142857142857,1.0,0.75,0.5,1.5,1.5,1,QUIET,regime_hier
207,0.0803571428571428,0.68,0.0028571428571428,1.0,0.75,0.5,1.5,1.5,1,QUIET,regime_hier
208,0.0803571428571428,0.68,0.0057142857142857,1.0,0.75,0.5,1.5,1.5,1,QUIET,regime_hier
209,0.0803571428571428,0.68,0.0028571428571428,1.0,0.75,0.5,1.5,1.5,1,QUIET,regime_hier
210,0.0803571428571428,0.68,0.0057142857142857,1.0,0.75,0.5,1.5,1.5,1,QUIET,regime_hier
211,0.0803571428571428,0.68,0.0057142857142857,1.0,0.75,0.5,1.5,1.5,1,QUIET,regime_hier
212,0.0803571428571428,0.68,0.0057142857142857,1.0,0.75,0.5,1.5,1.5,1,QUIET,regime_hier
213,0.0803571428571428,0.68,0.0085714285714285,0.6666666666666666,0.75,0.5,1.5,1.5,1,QUIET,regime_hier
214,0.0803571428571428,0.68,0.0028571428571428,1.0,0.75,0.5,1.5,1.5,1,QUIET,regime_hier
215,0.0803571428571428,0.68,0.0028571428571428,0.0,0.75,0.5,1.5,1.5,1,QUIET,regime_hier
216,0.0803571428571428,0.68,0.0,0.0,0.75,0.5,1.5,1.5,1,QUIET,regime_hier
217,0.0803571428571428,0.68,0.0085714285714285,1.0,0.75,0.5,1.5,1.5,1,QUIET,regime_hier
218,0.0803571428571428,0.68,0.0057142857142857,1.0,0.75,0.5,1.5,1.5,1,QUIET,regime_hier
219,0.0803571428571428,0.68,0.0057142857142857,1.0,0.75,0.5,1.5,1.5,1,QUIET,regime_hier
220,0.0803571428571428,0.68,0.0028571428571428,1.0,0.75,0.5,1.5,1.5,1,QUIET,regime_hier
221,0.0803571428571428,0.68,0.0085714285714285,1.0,0.75,0.5,1.5,1.5,1,QUIET,regime_hier
222,0.0803571428571428,0.68,0.0085714285714285,1.0,0.75,0.5,1.5,1.5,1,QUIET,regime_hier
223,0.0803571428571428,0.68,0.0085714285714285,0.6666666666666666,0.75,0.5,1.5,1.5,1,QUIET,regime_hier
224,0.0803571428571428,0.68,0.0028571428571428,1.0,0.75,0.5,1.5,1.5,1,QUIET,regime_hier
225,0.0803571428571428,0.68,0.0028571428571428,1.0,0.75,0.5,1.5,1.5,1,QUIET,regime_hier
226,0.0803571428571428,0.68,0.0028571428571428,1.0,0.75,0.5,1.5,1.5,1,QUIET,regime_hier
227,0.0803571428571428,0.68,0.0057142857142857,1.0,0.75,0.5,1.5,1.5,1,QUIET,regime_hier
228,0.0803571428571428,0.68,0.0028571428571428,1.0,0.75,0.5,1.5,1.5,1,QUIET,regime_hier
229,0.0803571428571428,0.68,0.0057142857142857,1.0,0.75,0.5,1.5,1.5,1,QUIET,regime_hier
230,0.0803571428571428,0.68,0.0057142857142857,1.0,0.75,0.5,1.5,1.5,1,QUIET,regime_hier
231,0.0803571428571428,0.68,0.0085714285714285,1.0,0.75,0.5,1.5,1.5,1,QUIET,regime_hier
232,0.0803571428571428,0.68,0.0028571428571428,1.0,0.75,0.5,1.5,1.5,1,QUIET,regime_hier
233,0.0803571428571428,0.68,0.0028571428571428,1.0,0.75,0.5,1.5,1.5,1,QUIET,regime_hier
234,0.0803571428571428,0.68,0.0,0.0,0.75,0.5,1.5,1.5,1,QUIET,regime_hier
235,0.0803571428571428,0.68,0.0114285714285714,0.5,0.75,0.5,1.5,1.5,1,QUIET,regime_hier
236,0.0803571428571428,0.68,0.0057142857142857,0.5,0.75,0.5,1.5,1.5,1,QUIET,regime_hier
237,0.0803571428571428,0.68,0.0057142857142857,1.0,0.75,0.5,1.5,1.5,1,QUIET,regime_hier
238,0.0803571428571428,0.68,0.0057142857142857,1.0,0.75,0.5,1.5,1.5,1,QUIET,regime_hier
239,0.0803571428571428,0.68,0.0057142857142857,1.0,0.75,0.5,1.5,1.5,1,QUIET,regime_hier
240,0.0803571428571428,0.68,0.0,0.0,0.75,0.5,1.5,1.5,1,QUIET,regime_hier
241,0.0803571428571428,0.68,0.0028571428571428,1.0,0.75,0.5,1.5,1.5,1,QUIET,regime_hier
242,0.0803571428571428,0.68,0.0085714285714285,0.6666666666666666,0.75,0.5,1.5,1.5,1,QUIET,regime_hier
243,0.0803571428571428,0.68,0.0028571428571428,1.0,0.75,0.5,1.5,1.5,1,QUIET,regime_hier
244,0.0803571428571428,0.68,0.0,0.0,0.75,0.5,1.5,1.5,1,QUIET,regime_hier
245,0.0803571428571428,0.68,0.0,0.0,0.75,0.5,1.5,1.5,1,QUIET,regime_hier
246,0.0803571428571428,0.68,0.0057142857142857,1.0,0.75,0.5,1.5,1.5,1,QUIET,regime_hier
247,0.0803571428571428,0.68,0.0057142857142857,1.0,0.75,0.5,1.5,1.5,1,QUIET,regime_hier
248,0.0803571428571428,0.68,0.0085714285714285,1.0,0.75,0.5,1.5,1.5,1,QUIET,regime_hier
249,0.0803571428571428,0.68,0.0028571428571428,1.0,0.75,0.5,1.5,1.5,1,QUIET,regime_hier
250,0.0803571428571428,0.68,0.0057142857142857,1.0,0.75,0.5,1.5,1.5,1,QUIET,regime_hier
251,0.0803571428571428,0.68,0.0028571428571428,1.0,0.75,0.5,1.5,1.5,1,QUIET,regime_hier
252,0.0803571428571428,0.68,0.0028571428571428,1.0,0.75,0.5,1.5,1.5,1,QUIET,regime_hier
253,0.0803571428571428,0.68,0.0028571428571428,1.0,0.75,0.5,1.5,1.5,1,QUIET,regime_hier
254,0.0803571428571428,0.68,0.0028571428571428,1.0,0.75,0.5,1.5,1.5,1,QUIET,regime_hier
255,0.0803571428571428,0.68,0.0057142857142857,1.0,0.75,0.5,1.5,1.5,1,QUIET,regime_hier
256,0.0803571428571428,0.68,0.0057142857142857,1.0,0.75,0.5,1.5,1.5,1,QUIET,regime_hier
257,0.0803571428571428,0.68,0.0028571428571428,1.0,0.75,0.5,1.5,1.5,1,QUIET,regime_hier
258,0.0803571428571428,0.68,0.0028571428571428,1.0,0.75,0.5,1.5,1.5,1,QUIET,regime_hier
259,0.0803571428571428,0.68,0.0057142857142857,1.0,0.75,0.5,1.5,1.5,1,QUIET,regime_hier
260,0.0803571428571428,0.68,0.0,0.0,0.75,0.5,1.5,1.5,1,QUIET,regime_hier
261,0.0803571428571428,0.68,0.0028571428571428,1.0,0.75,0.5,1.5,1.5,1,QUIET,regime_hier
262,0.0803571428571428,0.68,0.0085714285714285,1.0,0.75,0.5,1.5,1.5,1,QUIET,regime_hier
263,0.0803571428571428,0.68,0.0057142857142857,1.0,0.75,0.5,1.5,1.5,1,QUIET,regime_hier
264,0.0803571428571428,0.68,0.0057142857142857,0.5,0.75,0.5,1.5,1.5,1,QUIET,regime_hier
265,0.0803571428571428,0.68,0.0057142857142857,1.0,0.75,0.5,1.5,1.5,1,QUIET,regime_hier
266,0.0803571428571428,0.68,0.0057142857142857,1.0,0.75,0.5,1.5,1.5,1,QUIET,regime_hier
267,0.0803571428571428,0.68,0.0028571428571428,1.0,0.75,0.5,1.5,1.5,1,QUIET,regime_hier
268,0.0803571428571428,0.68,0.0085714285714285,1.0,0.75,0.5,1.5,1.5,1,QUIET,regime_hier
269,0.0803571428571428,0.68,0.0028571428571428,1.0,0.75,0.5,1.5,1.5,1,QUIET,regime_hier
270,0.0803571428571428,0.68,0.0142857142857142,0.6666666666666666,0.75,0.5,1.5,1.5,1,QUIET,regime_hier
271,0.0803571428571428,0.68,0.0114285714285714,0.75,0.75,0.5,1.5,1.5,1,QUIET,regime_hier
272,0.0803571428571428,0.68,0.0114285714285714,0.75,0.75,0.5,1.5,1.5,1,QUIET,regime_hier
273,0.0803571428571428,0.68,0.0114285714285714,0.75,0.75,0.5,1.5,1.5,1,QUIET,regime_hier
274,0.0803571428571428,0.68,0.0,0.0,0.75,0.5,1.5,1.5,1,QUIET,regime_hier
275,0.0803571428571428,0.68,0.0028571428571428,1.0,0.75,0.5,1.5,1.5,1,QUIET,regime_hier
276,0.0803571428571428,0.68,0.0085714285714285,0.75,0.75,0.5,1.5,1.5,1,QUIET,regime_hier
277,0.0803571428571428,0.68,0.0057142857142857,1.0,0.75,0.5,1.5,1.5,1,QUIET,regime_hier
278,0.0803571428571428,0.68,0.0085714285714285,1.0,0.75,0.5,1.5,1.5,1,QUIET,regime_hier
279,0.0803571428571428,0.68,0.0085714285714285,0.6666666666666666,0.75,0.5,1.5,1.5,1,QUIET,regime_hier
280,0.0803571428571428,0.68,0.0085714285714285,1.0,0.75,0.5,1.5,1.5,1,QUIET,regime_hier
281,0.0803571428571428,0.68,0.0028571428571428,1.0,0.75,0.5,1.5,1.5,1,QUIET,regime_hier
282,0.0803571428571428,0.68,0.0085714285714285,1.0,0.75,0.5,1.5,1.5,1,QUIET,regime_hier
283,0.0803571428571428,0.68,0.0028571428571428,1.0,0.75,0.5,1.5,1.5,1,QUIET,regime_hier
284,0.0803571428571428,0.68,0.0,0.0,0.75,0.5,1.5,1.5,1,QUIET,regime_hier
285,0.0803571428571428,0.68,0.0028571428571428,1.0,0.75,0.5,1.5,1.5,1,QUIET,regime_hier
286,0.0803571428571428,0.68,0.0085714285714285,0.75,0.75,0.5,1.5,1.5,1,QUIET,regime_hier
287,0.0803571428571428,0.68,0.0057142857142857,1.0,0.75,0.5,1.5,1.5,1,QUIET,regime_hier
288,0.0803571428571428,0.68,0.0028571428571428,1.0,0.75,0.5,1.5,1.5,1,QUIET,regime_hier
289,0.0803571428571428,0.68,0.0028571428571428,1.0,0.75,0.5,1.5,1.5,1,QUIET,regime_hier
290,0.0803571428571428,0.68,0.0114285714285714,0.75,0.75,0.5,1.5,1.5,1,QUIET,regime_hier
291,0.0803571428571428,0.68,0.0057142857142857,1.0,0.75,0.5,1.5,1.5,1,QUIET,regime_hier
292,0.0803571428571428,0.68,0.0057142857142857,0.6666666666666666,0.75,0.5,1.5,1.5,1,QUIET,regime_hier
293,0.0803571428571428,0.68,0.0028571428571428,1.0,0.75,0.5,1.5,1.5,1,QUIET,regime_hier
294,0.0803571428571428,0.68,0.0057142857142857,1.0,0.75,0.5,1.5,1.5,1,QUIET,regime_hier
295,0.0803571428571428,0.68,0.0057142857142857,1.0,0.75,0.5,1.5,1.5,1,QUIET,regime_hier
296,0.0803571428571428,0.68,0.0057142857142857,1.0,0.75,0.5,1.5,1.5,1,QUIET,regime_hier
297,0.0803571428571428,0.68,0.0057142857142857,1.0,0.75,0.5,1.5,1.5,1,QUIET,regime_hier
298,0.0803571428571428,0.68,0.0,0.0,0.75,0.5,1.5,1.5,1,QUIET,regime_hier
299,0.0803571428571428,0.68,0.0057142857142857,1.0,0.75,0.5,1.5,1.5,1,QUIET,regime_hier
300,0.0803571428571428,0.68,0.0028571428571428,1.0,0.75,0.5,1.5,1.5,1,QUIET,regime_hier
301,0.0803571428571428,0.68,0.0,0.0,0.75,0.5,1.5,1.5,1,QUIET,regime_hier
302,0.0803571428571428,0.68,0.0057142857142857,1.0,0.75,0.5,1.5,1.5,1,QUIET,regime_hier
303,0.0803571428571428,0.68,0.0057142857142857,0.5,0.75,0.5,1.5,1.5,1,QUIET,regime_hier
304,0.0803571428571428,0.68,0.0057142857142857,1.0,0.75,0.5,1.5,1.5,1,QUIET,regime_hier
305,0.0803571428571428,0.68,0.0085714285714285,1.0,0.75,0.5,1.5,1.5,1,QUIET,regime_hier
306,0.0803571428571428,0.68,0.0,0.0,0.75,0.5,1.5,1.5,1,QUIET,regime_hier
307,0.0803571428571428,0.68,0.0028571428571428,1.0,0.75,0.5,1.5,1.5,1,QUIET,regime_hier
308,0.0803571428571428,0.68,0.0085714285714285,0.3333333333333333,0.75,0.5,1.5,1.5,1,QUIET,regime_hier
309,0.0803571428571428,0.68,0.0028571428571428,1.0,0.75,0.5,1.5,1.5,1,QUIET,regime_hier
310,0.0803571428571428,0.68,0.0057142857142857,1.0,0.75,0.5,1.5,1.5,1,QUIET,regime_hier
311,0.0803571428571428,0.68,0.0028571428571428,1.0,0.75,0.5,1.5,1.5,1,QUIET,regime_hier
312,0.0803571428571428,0.68,0.0,0.0,0.75,0.5,1.5,1.5,1,QUIET,regime_hier
313,0.0803571428571428,0.68,0.0085714285714285,1.0,0.75,0.5,1.5,1.5,1,QUIET,regime_hier
314,0.0803571428571428,0.68,0.0,0.0,0.75,0.5,1.5,1.5,1,QUIET,regime_hier
315,0.0803571428571428,0.68,0.0,0.0,0.75,0.5,1.5,1.5,1,QUIET,regime_hier
316,0.0803571428571428,0.68,0.0057142857142857,1.0,0.75,0.5,1.5,1.5,1,QUIET,regime_hier
317,0.0803571428571428,0.68,0.0028571428571428,1.0,0.75,0.5,1.5,1.5,1,QUIET,regime_hier
318,0.0803571428571428,0.68,0.0028571428571428,1.0,0.75,0.5,1.5,1.5,1,QUIET,regime_hier
319,0.0803571428571428,0.68,0.0028571428571428,0.0,0.75,0.5,1.5,1.5,1,QUIET,regime_hier
320,0.0803571428571428,0.68,0.0057142857142857,1.0,0.75,0.5,1.5,1.5,1,QUIET,regime_hier
321,0.0803571428571428,0.68,0.0028571428571428,1.0,0.75,0.5,1.5,1.5,1,QUIET,regime_hier
322,0.0803571428571428,0.68,0.0085714285714285,0.75,0.75,0.5,1.5,1.5,1,QUIET,regime_hier
323,0.0803571428571428,0.68,0.0,0.0,0.75,0.5,1.5,1.5,1,QUIET,regime_hier
324,0.0803571428571428,0.68,0.0057142857142857,1.0,0.75,0.5,1.5,1.5,1,QUIET,regime_hier
325,0.0803571428571428,0.68,0.0114285714285714,0.75,0.75,0.5,1.5,1.5,1,QUIET,regime_hier
326,0.0803571428571428,0.68,0.0028571428571428,1.0,0.75,0.5,1.5,1.5,1,QUIET,regime_hier
327,0.0803571428571428,0.68,0.0057142857142857,1.0,0.75,0.5,1.5,1.5,1,QUIET,regime_hier
328,0.0803571428571428,0.68,0.0028571428571428,1.0,0.75,0.5,1.5,1.5,1,QUIET,regime_hier
329,0.0803571428571428,0.68,0.0028571428571428,1.0,0.75,0.5,1.5,1.5,1,QUIET,regime_hier
330,0.0803571428571428,0.68,0.0,0.0,0.75,0.5,1.5,1.5,1,QUIET,regime_hier
331,0.0803571428571428,0.68,0.0057142857142857,1.0,0.75,0.5,1.5,1.5,1,QUIET,regime_hier
332,0.0803571428571428,0.68,0.0,0.0,0.75,0.5,1.5,1.5,1,QUIET,regime_hier
333,0.0803571428571428,0.68,0.0028571428571428,1.0,0.75,0.5,1.5,1.5,1,QUIET,regime_hier
334,0.0803571428571428,0.68,0.0085714285714285,1.0,0.75,0.5,1.5,1.5,1,QUIET,regime_hier
335,0.0803571428571428,0.68,0.0085714285714285,1.0,0.75,0.5,1.5,1.5,1,QUIET,regime_hier
336,0.0803571428571428,0.68,0.0028571428571428,0.0,0.75,0.5,1.5,1.5,1,QUIET,regime_hier
337,0.0803571428571428,0.68,0.0028571428571428,1.0,0.75,0.5,1.5,1.5,1,QUIET,regime_hier
338,0.0803571428571428,0.68,0.0028571428571428,1.0,0.75,0.5,1.5,1.5,1,QUIET,regime_hier
339,0.0803571428571428,0.68,0.0028571428571428,1.0,0.75,0.5,1.5,1.5,1,QUIET,regime_hier
340,0.0803571428571428,0.68,0.0,0.0,0.75,0.5,1.5,1.5,1,QUIET,regime_hier
341,0.0803571428571428,0.68,0.0085714285714285,0.6666666666666666,0.75,0.5,1.5,1.5,1,QUIET,regime_hier
342,0.0803571428571428,0.68,0.0,0.0,0.75,0.5,1.5,1.5,1,QUIET,regime_hier
343,0.0803571428571428,0.68,0.0,0.0,0.75,0.5,1.5,1.5,1,QUIET,regime_hier
344,0.0803571428571428,0.68,0.0114285714285714,0.5,0.75,0.5,1.5,1.5,1,QUIET,regime_hier
345,0.0803571428571428,0.68,0.0057142857142857,1.0,0.75,0.5,1.5,1.5,1,QUIET,regime_hier
346,0.0803571428571428,0.68,0.0085714285714285,0.75,0.75,0.5,1.5,1.5,1,QUIET,regime_hier
347,0.0803571428571428,0.68,0.0085714285714285,0.3333333333333333,0.75,0.5,1.5,1.5,1,QUIET,regime_hier
348,0.0803571428571428,0.68,0.0,0.0,0.75,0.5,1.5,1.5,1,QUIET,regime_hier
349,0.0803571428571428,0.68,0.0057142857142857,1.0,0.75,0.5,1.5,1.5,1,QUIET,regime_hier
350,0.0803571428571428,0.68,0.0085714285714285,0.6666666666666666,0.75,0.5,1.5,1.5,1,QUIET,regime_hier
351,0.0803571428571428,0.68,0.0085714285714285,0.6666666666666666,0.75,0.5,1.5,1.5,1,QUIET,regime_hier
352,0.0803571428571428,0.68,0.0,0.0,0.75,0.5,1.5,1.5,1,QUIET,regime_hier
353,0.0803571428571428,0.68,0.0057142857142857,1.0,0.75,0.5,1.5,1.5,1,QUIET,regime_hier
354,0.0803571428571428,0.68,0.0057142857142857,1.0,0.75,0.5,1.5,1.5,1,QUIET,regime_hier
355,0.0803571428571428,0.68,0.0057142857142857,1.0,0.75,0.5,1.5,1.5,1,QUIET,regime_hier
356,0.0803571428571428,0.68,0.0,0.0,0.75,0.5,1.5,1.5,1,QUIET,regime_hier
357,0.0803571428571428,0.68,0.0,0.0,0.75,0.5,1.5,1.5,1,QUIET,regime_hier
358,0.0803571428571428,0.68,0.0057142857142857,1.0,0.75,0.5,1.5,1.5,1,QUIET,regime_hier
359,0.0803571428571428,0.68,0.0057142857142857,1.0,0.75,0.5,1.5,1.5,1,QUIET,regime_hier
360,0.0803571428571428,0.68,0.0057142857142857,1.0,0.75,0.5,1.5,1.5,1,QUIET,regime_hier
361,0.0803571428571428,0.68,0.0057142857142857,1.0,0.75,0.5,1.5,1.5,1,QUIET,regime_hier
362,0.0803571428571428,0.68,0.0085714285714285,1.0,0.75,0.5,1.5,1.5,1,QUIET,regime_hier
363,0.0803571428571428,0.68,0.0028571428571428,1.0,0.75,0.5,1.5,1.5,1,QUIET,regime_hier
364,0.0803571428571428,0.68,0.0057142857142857,1.0,0.75,0.5,1.5,1.5,1,QUIET,regime_hier
365,0.0803571428571428,0.68,0.0028571428571428,1.0,0.75,0.5,1.5,1.5,1,QUIET,regime_hier
366,0.0803571428571428,0.68,0.0057142857142857,1.0,0.75,0.5,1.5,1.5,1,QUIET,regime_hier
367,0.0803571428571428,0.68,0.0057142857142857,0.6666666666666666,0.75,0.5,1.5,1.5,1,QUIET,regime_hier
368,0.0803571428571428,0.68,0.0,0.0,0.75,0.5,1.5,1.5,1,QUIET,regime_hier
369,0.0803571428571428,0.68,0.0028571428571428,1.0,0.75,0.5,1.5,1.5,1,QUIET,regime_hier
370,0.0803571428571428,0.68,0.0057142857142857,1.0,0.75,0.5,1.5,1.5,1,QUIET,regime_hier
371,0.0803571428571428,0.68,0.0057142857142857,0.6666666666666666,0.75,0.5,1.5,1.5,1,QUIET,regime_hier
372,0.0803571428571428,0.68,0.0085714285714285,1.0,0.75,0.5,1.5,1.5,1,QUIET,regime_hier
373,0.0803571428571428,0.68,0.0085714285714285,1.0,0.75,0.5,1.5,1.5,1,QUIET,regime_hier
374,0.0803571428571428,0.68,0.0028571428571428,1.0,0.75,0.5,1.5,1.5,1,QUIET,regime_hier
375,0.0803571428571428,0.68,0.0057142857142857,1.0,0.75,0.5,1.5,1.5,1,QUIET,regime_hier
376,0.0803571428571428,0.68,0.0085714285714285,1.0,0.75,0.5,1.5,1.5,1,QUIET,regime_hier
377,0.0803571428571428,0.68,0.0057142857142857,0.5,0.75,0.5,1.5,1.5,1,QUIET,regime_hier
378,0.0803571428571428,0.68,0.0085714285714285,1.0,0.75,0.5,1.5,1.5,1,QUIET,regime_hier
379,0.0803571428571428,0.68,0.0085714285714285,1.0,0.75,0.5,1.5,1.5,1,QUIET,regime_hier
380,0.0803571428571428,0.68,0.0028571428571428,1.0,0.75,0.5,1.5,1.5,1,QUIET,regime_hier
381,0.0803571428571428,0.68,0.0,0.0,0.75,0.5,1.5,1.5,1,QUIET,regime_hier
382,0.0803571428571428,0.68,0.0057142857142857,1.0,0.75,0.5,1.5,1.5,1,QUIET,regime_hier
383,0.0803571428571428,0.68,0.0028571428571428,1.0,0.75,0.5,1.5,1.5,1,QUIET,regime_hier
384,0.0803571428571428,0.68,0.0028571428571428,1.0,0.75,0.5,1.5,1.5,1,QUIET,regime_hier
385,0.0803571428571428,0.68,0.0028571428571428,1.0,0.75,0.5,1.5,1.5,1,QUIET,regime_hier
386,0.0803571428571428,0.68,0.0,0.0,0.75,0.5,1.5,1.5,1,QUIET,regime_hier
387,0.0803571428571428,0.68,0.0085714285714285,0.75,0.75,0.5,1.5,1.5,1,QUIET,regime_hier
388,0.0803571428571428,0.68,0.0028571428571428,1.0,0.75,0.5,1.5,1.5,1,QUIET,regime_hier
389,0.0803571428571428,0.68,0.0057142857142857,0.6666666666666666,0.75,0.5,1.5,1.5,1,QUIET,regime_hier
390,0.0803571428571428,0.68,0.0057142857142857,1.0,0.75,0.5,1.5,1.5,1,QUIET,regime_hier
391,0.0803571428571428,0.68,0.0057142857142857,1.0,0.75,0.5,1.5,1.5,1,QUIET,regime_hier
392,0.0803571428571428,0.68,0.0057142857142857,1.0,0.75,0.5,1.5,1.5,1,QUIET,regime_hier
393,0.0803571428571428,0.68,0.0057142857142857,1.0,0.75,0.5,1.5,1.5,1,QUIET,regime_hier
394,0.0803571428571428,0.68,0.0057142857142857,1.0,0.75,0.5,1.5,1.5,1,QUIET,regime_hier
395,0.0803571428571428,0.68,0.0028571428571428,1.0,0.75,0.5,1.5,1.5,1,QUIET,regime_hier
396,0.0803571428571428,0.68,0.0028571428571428,1.0,0.75,0.5,1.5,1.5,1,QUIET,regime_hier
397,0.0803571428571428,0.68,0.0028571428571428,1.0,0.75,0.5,1.5,1.5,1,QUIET,regime_hier
398,0.0803571428571428,0.68,0.0057142857142857,1.0,0.75,0.5,1.5,1.5,1,QUIET,regime_hier
399,0.0803571428571428,0.68,0.0085714285714285,1.0,0.75,0.5,1.5,1.5,1,QUIET,regime_hier
400,0.0803571428571428,0.68,0.0028571428571428,1.0,0.75,0.5,1.5,1.5,1,QUIET,regime_hier
401,0.0803571428571428,0.68,0.0057142857142857,1.0,0.75,0.5,1.5,1.5,1,QUIET,regime_hier
402,0.0803571428571428,0.68,0.0085714285714285,1.0,0.75,0.5,1.5,1.5,1,QUIET,regime_hier
403,0.0803571428571428,0.68,0.0028571428571428,1.0,0.75,0.5,1.5,1.5,1,QUIET,regime_hier
404,0.0803571428571428,0.68,0.0028571428571428,1.0,0.75,0.5,1.5,1.5,1,QUIET,regime_hier
405,0.0803571428571428,0.68,0.0114285714285714,0.75,0.75,0.5,1.5,1.5,1,QUIET,regime_hier
406,0.0803571428571428,0.68,0.0028571428571428,1.0,0.75,0.5,1.5,1.5,1,QUIET,regime_hier
407,0.0803571428571428,0.68,0.0028571428571428,1.0,0.75,0.5,1.5,1.5,1,QUIET,regime_hier
408,0.0803571428571428,0.68,0.0085714285714285,0.6666666666666666,0.75,0.5,1.5,1.5,1,QUIET,regime_hier
409,0.0803571428571428,0.68,0.0028571428571428,1.0,0.75,0.5,1.5,1.5,1,QUIET,regime_hier
410,0.0803571428571428,0.68,0.0,0.0,0.75,0.5,1.5,1.5,1,QUIET,regime_hier
411,0.0803571428571428,0.68,0.0114285714285714,0.75,0.75,0.5,1.5,1.5,1,QUIET,regime_hier
412,0.0803571428571428,0.68,0.0057142857142857,1.0,0.75,0.5,1.5,1.5,1,QUIET,regime_hier
413,0.0803571428571428,0.68,0.0,0.0,0.75,0.5,1.5,1.5,1,QUIET,regime_hier
414,0.0803571428571428,0.68,0.0085714285714285,0.75,0.75,0.5,1.5,1.5,1,QUIET,regime_hier
415,0.0803571428571428,0.68,0.0057142857142857,0.5,0.75,0.5,1.5,1.5,1,QUIET,regime_hier
416,0.0803571428571428,0.68,0.0057142857142857,1.0,0.75,0.5,1.5,1.5,1,QUIET,regime_hier
417,0.0803571428571428,0.68,0.0028571428571428,1.0,0.75,0.5,1.5,1.5,1,QUIET,regime_hier
418,0.0803571428571428,0.68,0.0085714285714285,0.6666666666666666,0.75,0.5,1.5,1.5,1,QUIET,regime_hier
419,0.0803571428571428,0.68,0.0057142857142857,1.0,0.75,0.5,1.5,1.5,1,QUIET,regime_hier
420,0.0803571428571428,0.68,0.0085714285714285,1.0,0.75,0.5,1.5,1.5,1,QUIET,regime_hier
421,0.0803571428571428,0.68,0.0028571428571428,1.0,0.75,0.5,1.5,1.5,1,QUIET,regime_hier
422,0.0803571428571428,0.68,0.0085714285714285,0.3333333333333333,0.75,0.5,1.5,1.5,1,QUIET,regime_hier
423,0.0803571428571428,0.68,0.0085714285714285,1.0,0.75,0.5,1.5,1.5,1,QUIET,regime_hier
424,0.0803571428571428,0.68,0.0028571428571428,1.0,0.75,0.5,1.5,1.5,1,QUIET,regime_hier
425,0.0803571428571428,0.68,0.0028571428571428,1.0,0.75,0.5,1.5,1.5,1,QUIET,regime_hier
426,0.0803571428571428,0.68,0.0028571428571428,1.0,0.75,0.5,1.5,1.5,1,QUIET,regime_hier
427,0.0803571428571428,0.68,0.0057142857142857,0.5,0.75,0.5,1.5,1.5,1,QUIET,regime_hier
428,0.0803571428571428,0.68,0.0057142857142857,0.5,0.75,0.5,1.5,1.5,1,QUIET,regime_hier
429,0.0803571428571428,0.68,0.0028571428571428,1.0,0.75,0.5,1.5,1.5,1,QUIET,regime_hier
430,0.0803571428571428,0.68,0.0057142857142857,0.5,0.75,0.5,1.5,1.5,1,QUIET,regime_hier
431,0.0803571428571428,0.68,0.0028571428571428,1.0,0.75,0.5,1.5,1.5,1,QUIET,regime_hier
432,0.0803571428571428,0.68,0.0085714285714285,1.0,0.75,0.5,1.5,1.5,1,QUIET,regime_hier
433,0.0803571428571428,0.68,0.0057142857142857,1.0,0.75,0.5,1.5,1.5,1,QUIET,regime_hier
434,0.0803571428571428,0.68,0.0057142857142857,1.0,0.75,0.5,1.5,1.5,1,QUIET,regime_hier
435,0.0803571428571428,0.68,0.0085714285714285,0.75,0.75,0.5,1.5,1.5,1,QUIET,regime_hier
436,0.0803571428571428,0.68,0.0085714285714285,1.0,0.75,0.5,1.5,1.5,1,QUIET,regime_hier
437,0.0803571428571428,0.68,0.0028571428571428,1.0,0.75,0.5,1.5,1.5,1,QUIET,regime_hier
438,0.0803571428571428,0.68,0.0085714285714285,1.0,0.75,0.5,1.5,1.5,1,QUIET,regime_hier
439,0.0803571428571428,0.68,0.0085714285714285,1.0,0.75,0.5,1.5,1.5,1,QUIET,regime_hier
440,0.0803571428571428,0.68,0.0085714285714285,0.3333333333333333,0.75,0.5,1.5,1.5,1,QUIET,regime_hier
441,0.0803571428571428,0.68,0.0085714285714285,1.0,0.75,0.5,1.5,1.5,1,QUIET,regime_hier
442,0.0803571428571428,0.68,0.0028571428571428,1.0,0.75,0.5,1.5,1.5,1,QUIET,regime_hier
443,0.0803571428571428,0.68,0.0028571428571428,1.0,0.75,0.5,1.5,1.5,1,QUIET,regime_hier
444,0.0803571428571428,0.68,0.0085714285714285,1.0,0.75,0.5,1.5,1.5,1,QUIET,regime_hier
445,0.0803571428571428,0.68,0.0057142857142857,1.0,0.75,0.5,1.5,1.5,1,QUIET,regime_hier
446,0.0803571428571428,0.68,0.0142857142857142,1.0,0.75,0.5,1.5,1.5,1,QUIET,regime_hier
447,0.0803571428571428,0.68,0.0114285714285714,1.0,0.75,0.5,1.5,1.5,1,QUIET,regime_hier
448,0.0803571428571428,0.68,0.0085714285714285,1.0,0.75,0.5,1.5,1.5,1,QUIET,regime_hier
449,0.0803571428571428,0.68,0.0114285714285714,1.0,0.75,0.5,1.5,1.5,1,QUIET,regime_hier
